1,1,1,A,21753.10938,21753.36914,4.125693,0.276047,0.2596,N/A,Not found
1,1,0,A,21753.36914,21753.78906,-0.032466,0.162019,0.42,N/A,Not found
1,1,1,A,21753.78906,21754.85938,4.244471,0.271088,1.0704,1471.453735,0.6796
1,1,0,A,21754.85938,21786.89063,0.037941,0.282514,32.030998,670.960815,1.4904
1,1,1,A,21786.89063,21787.09961,4.623278,0.158571,0.209,30.210203,33.101398
1,1,0,A,21787.09961,21787.44922,0.177714,0.120288,0.3497,31.01737,32.240002
1,1,1,A,21787.44922,21788.2207,4.065158,0.276955,0.7713,1789.869385,0.5587
1,1,0,A,21788.2207,21788.90039,-0.015581,0.178287,0.68,892.060669,1.121
1,1,1,A,21788.90039,21790.17969,4.474128,0.344213,1.279,689.037415,1.4513
1,1,0,A,21790.17969,21790.7793,0.098542,0.125835,0.5997,510.464508,1.959
1,1,1,AB,21790.7793,21790.89063,3.265834,0,0.1113,532.282959,1.8787
1,1,0,A,21790.89063,21793.35938,0.271301,0.19485,2.469,1406.469727,0.711
1,1,1,A,21793.35938,21794.01953,4.561268,0.298188,0.66,387.551849,2.5803
1,1,0,A,21794.01953,21802.82031,0.134329,0.23931,8.8007,319.590912,3.129
1,1,1,A,21802.82031,21803.35938,4.50812,0.221417,0.5393,105.700424,9.4607
1,1,0,A,21803.35938,21803.66992,-0.154692,0.084815,0.3105,107.066383,9.34
1,1,1,A,21803.66992,21804.10938,4.293939,0.182306,0.4395,1176.747437,0.8498
1,1,0,A,21804.10938,21807.39063,-0.10956,0.248003,3.281,1333.333374,0.75
1,1,1,A,21807.39063,21807.74023,3.599337,0.249607,0.3497,268.781067,3.7205
1,1,0,AB,21807.74023,21807.84961,1.568756,0,0.1093,275.428986,3.6307
1,1,1,A,21807.84961,21815.91992,3.99901,0.683541,8.0705,2178.64917,0.459
1,1,0,A,21815.91992,21829.57031,-0.068217,0.277167,13.6502,122.25238,8.1798
1,1,1,A,21829.57031,21829.85938,3.693889,0.176812,0.2893,46.039032,21.720699
1,1,0,A,21829.85938,21858.00977,-0.174797,0.279737,28.150499,71.738586,13.9395
1,1,1,A,21858.00977,21858.82031,4.545714,0.269044,0.8102,35.161991,28.4398
1,1,0,A,21858.82031,21864.18945,-0.208721,0.283132,5.3693,34.529552,28.960699
1,1,1,A,21864.18945,21864.91016,4.356543,0.221884,0.7207,161.825394,6.1795
1,1,0,A,21864.91016,21869.5,-0.136252,0.257086,4.5898,164.203613,6.09
1,1,1,A,21869.5,21871.24023,4.296363,0.436652,1.7402,188.306183,5.3105
1,1,0,A,21871.24023,21872.74023,-0.224072,0.206738,1.5,157.97789,6.33
1,1,1,AB,21872.74023,21872.83008,2.872976,0,0.0899,308.622925,3.2402
1,1,0,A,21872.83008,21890.7207,-0.048428,0.286007,17.8904,628.970398,1.5899
1,1,1,A,21890.7207,21890.85938,3.910104,0.011313,0.139,55.616425,17.980301
1,1,0,A,21890.85938,21896.99023,-0.105795,0.22869,6.1307,55.464962,18.0294
1,1,1,A,21896.99023,21897.2207,4.11438,0.191505,0.2303,159.497269,6.2697
1,1,0,AB,21897.2207,21897.26953,1.811733,0,0.049,157.207993,6.361
1,1,1,A,21897.26953,21897.41016,3.683987,0.062458,0.1407,3580.379639,0.2793
1,1,0,A,21897.41016,21900.86914,-0.019654,0.402802,3.4589,5271.481445,0.1897
1,1,1,A,21900.86914,21902.2793,4.712713,0.305492,1.4101,277.808655,3.5996
1,1,0,A,21902.2793,21902.57031,0.129244,0.179206,0.291,205.380981,4.869
1,1,1,A,21902.57031,21903.90039,4.388161,0.440754,1.3303,587.854919,1.7011
1,1,0,A,21903.90039,21907.61914,-0.032423,0.280562,3.7186,616.789001,1.6213
1,1,1,A,21907.61914,21910.55078,3.776242,0.459301,2.9319,198.062943,5.0489
1,1,0,A,21910.55078,21910.75977,-0.189511,0.149211,0.209,150.364639,6.6505
1,1,1,A,21910.75977,21911.33984,4.608225,0.090309,0.58,318.380096,3.1409
1,1,0,A,21911.33984,21914.05078,-0.076105,0.282439,2.711,1267.427124,0.789
1,1,1,A,21914.05078,21915.31055,4.374228,0.348718,1.2595,303.859009,3.291
1,1,0,A,21915.31055,21918.38086,-0.053517,0.214585,3.0705,251.857452,3.9705
1,1,1,A,21918.38086,21918.5293,3.534934,0.0205,0.1482,230.946884,4.33
1,1,0,A,21918.5293,21928.7793,0.065737,0.261345,10.25,310.684448,3.2187
1,1,1,AB,21928.7793,21928.81055,2.154435,0,0.0313,96.170494,10.3982
1,1,0,A,21928.81055,21934.32031,-0.090759,0.264942,5.5097,97.263962,10.2813
1,1,1,AB,21934.32031,21934.39063,2.702717,0,0.0703,180.472839,5.541
1,1,0,A,21934.39063,21962.69922,0.034497,0.307273,28.308701,179.211472,5.58
1,1,1,A,21962.69922,21962.84961,3.65825,0.078033,0.1503,35.237324,28.379
1,1,0,A,21962.84961,21972.57031,-0.049813,0.23486,9.7207,35.138268,28.459
1,1,1,A,21972.57031,21972.91992,4.436152,0.164647,0.3498,101.306862,9.871
1,1,0,A,21972.91992,21974.08008,0.131137,0.185674,1.1601,99.299934,10.0705
1,1,1,A,21974.08008,21974.23047,3.854692,0.042978,0.1504,662.295532,1.5099
1,1,0,A,21974.23047,21976.61914,0.118844,0.293026,2.3886,763.067505,1.3105
1,1,1,A,21976.61914,21976.75,3.681071,0,0.1309,393.855835,2.539
1,1,0,A,21976.75,21978.08008,0.115424,0.197046,1.3301,396.904144,2.5195
1,1,1,A,21978.08008,21978.63086,4.713063,0.493853,0.5509,684.462708,1.461
1,1,0,A,21978.63086,21983.88086,-0.088572,0.242385,5.25,531.63208,1.881
1,1,1,A,21983.88086,21984.08008,4.048727,0.122396,0.1991,172.387039,5.8009
1,1,0,A,21984.08008,21991.9707,0.140011,0.250754,7.8904,183.516541,5.4491
1,1,1,AB,21991.9707,21992.03906,2.863947,0,0.0686,123.617035,8.0895
1,1,0,A,21992.03906,21996.65039,-0.067656,0.190365,4.6114,125.643929,7.959
1,1,1,A,21996.65039,21997,4.433658,0.104636,0.3495,213.675217,4.68
1,1,0,A,21997,22008.46094,-0.103659,0.289627,11.461,201.576324,4.9609
1,1,1,AB,22008.46094,22008.50977,2.3119,0,0.049,84.670418,11.8105
1,1,0,A,22008.50977,22015.83984,-0.073784,0.269117,7.33,86.880974,11.51
1,1,1,AB,22015.83984,22015.91992,2.729911,0,0.08,135.519714,7.379
1,1,0,A,22015.91992,22020.67969,-0.047298,0.224133,4.7595,134.952774,7.41
1,1,1,A,22020.67969,22020.81055,3.584176,0,0.131,206.632919,4.8395
1,1,0,A,22020.81055,22036.24023,0.005618,0.290848,15.4297,204.478073,4.8905
1,1,1,A,22036.24023,22038.35938,4.315907,0.336873,2.1193,64.264458,15.5607
1,1,0,A,22038.35938,22051.33984,0.02292,0.250542,12.9805,56.983303,17.549
1,1,1,A,22051.33984,22051.4707,3.282674,0,0.1305,66.226044,15.0998
1,1,0,A,22051.4707,22076.33008,0.014807,0.254893,24.8596,76.271835,13.111
1,1,1,A,22076.33008,22076.55078,4.970335,0.219555,0.2209,40.015846,24.990101
1,1,0,A,22076.55078,22077.51953,-0.135846,0.155101,0.9685,39.871613,25.0805
1,1,1,A,22077.51953,22077.82031,5.263728,0.214593,0.3007,840.760071,1.1894
1,1,0,A,22077.82031,22098.23047,-0.010954,0.275955,20.410299,787.897888,1.2692
1,1,1,A,22098.23047,22098.59961,5.348274,0.406805,0.369,48.28352,20.711
1,1,0,A,22098.59961,22100.4707,0.120522,0.191033,1.871,48.124817,20.779301
1,1,1,A,22100.4707,22101.63086,4.633929,0.259597,1.1605,446.428558,2.24
1,1,0,A,22101.63086,22109.73047,0.219966,0.347066,8.0995,329.86969,3.0315
1,1,1,A,22109.73047,22110.25,3.90471,0.342981,0.5195,107.991364,9.26
1,1,0,A,22110.25,22110.57031,-0.048815,0.404245,0.3202,116.022743,8.619
1,1,1,AB,22110.57031,22110.63086,2.472746,0,0.0608,1190.901489,0.8397
1,1,0,A,22110.63086,22117.25977,0.029889,0.232168,6.629,2624.671875,0.381
1,1,1,AB,22117.25977,22117.33008,2.523714,0,0.0701,149.481293,6.6898
1,1,0,A,22117.33008,22121.08984,0.119312,0.251464,3.7599,149.273788,6.6991
1,1,1,AB,22121.08984,22121.14063,2.23669,0,0.0505,261.096619,3.83
1,1,0,A,22121.14063,22122.25,0.165819,0.421042,1.1095,262.439636,3.8104
1,1,1,A,22122.25,22122.75977,4.062503,0.339159,0.51,862.06897,1.16
1,1,0,A,22122.75977,22122.91992,0.059701,0.062417,0.16,617.474548,1.6195
1,1,1,A,22122.91992,22123.10938,3.763944,0.17557,0.1895,1492.537354,0.67
1,1,0,A,22123.10938,22123.26953,0.146394,0.062615,0.16,2861.230225,0.3495
1,1,1,A,22123.26953,22124.13086,4.664972,0.324561,0.8615,2861.230225,0.3495
1,1,0,A,22124.13086,22124.90039,-0.152988,0.116663,0.7695,978.952515,1.0215
1,1,1,A,22124.90039,22125.21094,4.575721,0.22993,0.3105,613.120789,1.631
1,1,0,A,22125.21094,22126.18945,0.057239,0.232683,0.9785,925.925903,1.08
1,1,1,A,22126.18945,22126.50977,4.793813,0.193656,0.3205,775.795166,1.289
1,1,0,A,22126.50977,22126.65039,0.540432,0.017886,0.1405,769.822937,1.299
1,1,1,A,22126.65039,22127.55078,4.573919,0.305853,0.9005,2169.19751,0.461
1,1,0,A,22127.55078,22128.78906,-0.103823,0.153112,1.2381,960.614807,1.041
1,1,1,A,22128.78906,22129.06055,4.263926,0.209828,0.2714,467.595612,2.1386
1,1,0,A,22129.06055,22135.31055,0.051352,0.254003,6.25,662.471008,1.5095
1,1,1,A,22135.31055,22135.49023,4.490719,0.13193,0.1797,153.341309,6.5214
1,1,0,A,22135.49023,22144.41992,0.25059,0.206428,8.9298,155.528259,6.4297
1,1,1,A,22144.41992,22146.33008,3.780725,0.807822,1.9101,109.775513,9.1095
1,1,0,AB,22146.33008,22146.40039,1.870017,0,0.0704,92.25177,10.8399
1,1,1,A,22146.40039,22148.68945,3.607899,0.627773,2.289,504.923004,1.9805
1,1,0,A,22148.68945,22150.82031,0.017841,0.232324,2.1307,423.836578,2.3594
1,1,1,A,22150.82031,22151.5293,4.895507,0.276277,0.709,226.259705,4.4197
1,1,0,A,22151.5293,22158.33984,-0.060625,0.240395,6.8108,352.149872,2.8397
1,1,1,A,22158.33984,22158.71094,4.633068,0.204416,0.371,132.982254,7.5198
1,1,0,A,22158.71094,22169.94922,0.013328,0.267197,11.2382,139.24086,7.1818
1,1,1,A,22169.94922,22170.21094,4.756753,0.17778,0.2618,86.13858,11.6092
1,1,0,A,22170.21094,22177.28906,0.046504,0.259544,7.0781,86.95652,11.5
1,1,1,A,22177.28906,22178.09961,4.865526,0.307545,0.8104,136.241638,7.3399
1,1,0,A,22178.09961,22180.30078,0.077658,0.243793,2.2015,126.766815,7.8885
1,1,1,A,22180.30078,22181.06055,4.414585,0.29949,0.7595,332.016327,3.0119
1,1,0,A,22181.06055,22182.19922,0.214803,0.220816,1.1387,337.723755,2.961
1,1,1,A,22182.19922,22182.50977,4.46563,0.211078,0.3108,526.81488,1.8982
1,1,0,A,22182.50977,22190.36914,0.131874,0.259206,7.8591,689.893066,1.4495
1,1,1,A,22190.36914,22190.61914,4.81961,0.375442,0.25,122.40052,8.1699
1,1,0,A,22190.61914,22195.50977,0.135271,0.250075,4.8909,123.318245,8.1091
1,1,1,A,22195.50977,22195.86914,4.538421,0.341864,0.3591,194.518463,5.1409
1,1,0,A,22195.86914,22196.11914,0.170578,0.190991,0.25,190.476196,5.25
1,1,1,A,22196.11914,22196.59961,4.47536,0.388,0.4804,1641.766602,0.6091
1,1,0,A,22196.59961,22200.03906,0.269902,0.190478,3.4396,1369.112793,0.7304
1,1,1,AB,22200.03906,22200.13086,2.771469,0,0.0919,255.102036,3.92
1,1,0,A,22200.13086,22202.43945,-0.084868,0.178785,2.3085,283.165802,3.5315
1,1,1,A,22202.43945,22202.71094,4.373371,0.195337,0.2715,416.597229,2.4004
1,1,0,A,22202.71094,22218.74023,0.073795,0.252758,16.0292,387.596893,2.58
1,1,1,A,22218.74023,22219.50977,4.286831,0.267516,0.7698,61.347057,16.300699
1,1,0,A,22219.50977,22221.36914,0.115602,0.263001,1.8591,59.527351,16.799
1,1,1,A,22221.36914,22234.33984,3.746028,0.527016,12.9709,380.387238,2.6289
1,1,0,A,22234.33984,22234.5,0.939775,0.026542,0.16,67.430885,14.83
1,1,1,A,22234.5,22235.38086,3.995291,0.529781,0.881,76.156242,13.1309
1,1,1,A,64626.35938,64626.69141,4.171466,0.450416,0.332,N/A,Not found
1,1,0,A,64626.69141,64631.78125,-0.058125,0.428418,5.0897,N/A,Not found
1,1,1,A,64631.78125,64637.48828,3.332959,0.550632,5.707,184.444,5.4217
1,1,0,A,64637.48828,64642.08984,-0.07618,0.499545,4.6018,92.620895,10.7967
1,1,1,A,64642.08984,64648.05859,3.365035,0.555437,5.9685,97.004501,10.3088
1,1,0,A,64648.05859,64661.73828,-0.423859,0.439435,13.6797,94.604691,10.5703
1,1,1,A,64661.73828,64662.78906,2.86758,0.358873,1.0509,50.895248,19.648199
1,1,0,A,64662.78906,64663.30078,-0.28911,0.227688,0.5119,67.885895,14.7306
1,1,1,A,64663.30078,64669.42188,3.552207,0.70549,6.121,639.877136,1.5628
1,1,0,A,64669.42188,64669.62109,0.655102,0.094374,0.1991,150.763611,6.6329
1,1,1,A,64669.62109,64672.48047,3.565395,0.458307,2.8594,158.225342,6.3201
1,1,0,A,64672.48047,64673.51953,0.094458,0.616407,1.039,326.957672,3.0585
1,1,1,AB,64673.51953,64673.58984,2.368819,0,0.0705,256.515503,3.8984
1,1,0,A,64673.58984,64677.41016,0.151285,0.44277,3.8202,901.306885,1.1095
1,1,1,AB,64677.41016,64677.48828,2.510254,0,0.078,257.023163,3.8907
1,1,0,A,64677.48828,64677.89844,-0.089974,0.275401,0.4103,256.528656,3.8982
1,1,1,AB,64677.89844,64677.96094,2.375032,0,0.0625,2047.921387,0.4883
1,1,0,A,64677.96094,64680.82031,-0.377482,0.568579,2.8592,2115.059326,0.4728
1,1,1,A,64680.82031,64685.01953,2.951682,0.421594,4.1993,342.266479,2.9217
1,1,0,AB,64685.01953,64685.12109,1.870677,0,0.1016,141.673157,7.0585
1,1,1,A,64685.12109,64687.03906,3.324396,0.448293,1.918,232.509476,4.3009
1,1,0,A,64687.03906,64690.35938,-0.154136,0.585655,3.3204,495.147552,2.0196
1,1,1,AB,64690.35938,64690.48047,3.032916,0,0.121,190.89798,5.2384
1,1,0,A,64690.48047,64692.10156,-0.009319,0.461261,1.621,290.579407,3.4414
1,1,1,A,64692.10156,64692.30859,3.217561,0.069413,0.207,574.052795,1.742
1,1,0,A,64692.30859,64692.76953,0.385519,0.216101,0.461,547.045959,1.828
1,1,1,A,64692.76953,64693.01953,4.039818,0.145281,0.25,1497.005981,0.668
1,1,0,A,64693.01953,64695.28125,0.242459,0.383343,2.2617,1406.469727,0.711
1,1,1,A,64695.28125,64695.51953,3.924714,0.068051,0.2383,398.136719,2.5117
1,1,0,A,64695.51953,64697.17188,0.16631,0.615118,1.6525,400,2.5
1,1,1,A,64697.17188,64697.51953,3.238702,0.277392,0.3475,528.876648,1.8908
1,1,0,A,64697.51953,64703.80859,0.354988,0.518918,6.289,500,2
1,1,1,A,64703.80859,64703.94141,3.149004,0,0.133,150.681839,6.6365
1,1,0,A,64703.94141,64706.57813,0.459676,0.600732,2.6366,155.714737,6.422
1,1,1,A,64706.57813,64706.98828,2.760073,0.25751,0.4101,361.062958,2.7696
1,1,0,A,64706.98828,64708.91016,0.0549,0.339674,1.922,328.223969,3.0467
1,1,1,A,64708.91016,64709.28906,3.150772,0.165527,0.3789,428.798065,2.3321
1,1,0,A,64709.28906,64710.08984,-0.331093,0.306747,0.8009,434.612549,2.3009
1,1,1,A,64710.08984,64710.92188,3.364368,0.473344,0.832,847.601318,1.1798
1,1,0,A,64710.92188,64711.32813,-0.179282,0.550156,0.4061,612.407349,1.6329
1,1,1,AB,64711.32813,64711.39844,2.622639,0,0.0704,807.689209,1.2381
1,1,0,A,64711.39844,64713.55078,-0.486578,0.445862,2.1525,2098.635986,0.4765
1,1,1,A,64713.55078,64713.83984,4.174103,0.141148,0.289,449.862793,2.2229
1,1,0,A,64713.83984,64714.98047,-0.222507,0.448691,1.1405,409.584259,2.4415
1,1,1,AB,64714.98047,64715.08984,2.966085,0,0.1095,699.545288,1.4295
1,1,0,A,64715.08984,64716.16016,0.511112,0.55498,1.0702,800,1.25
1,1,1,A,64716.16016,64716.44922,3.888668,0.158756,0.289,847.673157,1.1797
1,1,0,A,64716.44922,64716.67969,0.489419,0.115754,0.2303,735.726868,1.3592
1,1,1,A,64716.67969,64717.01172,3.511656,0.411481,0.332,1925.669189,0.5193
1,1,0,A,64717.01172,64717.46875,0.418263,0.188574,0.4575,1778.410156,0.5623
1,1,1,A,64717.46875,64721.35938,3.571481,0.564359,3.8905,1266.62439,0.7895
1,1,0,A,64721.35938,64721.78906,0.305813,0.216061,0.4296,229.990799,4.348
1,1,1,A,64721.78906,64722.17969,3.363759,0.248059,0.3904,231.47612,4.3201
1,1,0,AB,64722.17969,64722.26953,1.680286,0,0.09,1219.512207,0.82
1,1,1,A,64722.26953,64722.57031,3.096915,0.058883,0.3007,2081.598633,0.4804
1,1,0,A,64722.57031,64722.73047,0.523183,0.044478,0.1603,2559.508545,0.3907
1,1,1,A,64722.73047,64724.44141,3.411726,0.608425,1.711,2169.19751,0.461
1,1,0,A,64724.44141,64724.57813,1.201435,0.026101,0.1366,534.387878,1.8713
1,1,1,A,64724.57813,64725.17188,2.919137,0.737463,0.5939,541.242676,1.8476
1,1,0,A,64725.17188,64725.46875,0.678397,0.14404,0.297,1368.925415,0.7305
1,1,1,A,64725.46875,64725.60938,2.843124,0.013235,0.1405,1122.460449,0.8909
1,1,0,AB,64725.60938,64725.73047,0.913886,0,0.121,2285.714355,0.4375
1,1,1,AB,64725.73047,64725.82031,2.595098,0,0.0897,3824.091797,0.2615
1,1,0,A,64725.82031,64726.5,0.389827,0.367537,0.6798,4746.084473,0.2107
1,1,1,A,64726.5,64726.73828,4.150786,0.23288,0.2382,1299.545166,0.7695
1,1,0,AB,64726.73828,64726.78906,1.87901,0,0.0509,1089.324585,0.918
1,1,1,A,64726.78906,64726.98047,3.084389,0.029399,0.1914,3459.010742,0.2891
1,1,0,A,64726.98047,64727.73047,0.470497,0.251771,0.75,4127.115234,0.2423
1,1,1,A,64727.73047,64728.01953,3.215648,0.161744,0.289,1062.247681,0.9414
1,1,0,A,64728.01953,64728.44141,0.383071,0.387947,0.422,962.463928,1.039
1,1,1,A,64728.44141,64728.62891,2.789167,0.044086,0.1875,1406.469727,0.711
1,1,0,AB,64728.62891,64728.73828,1.288597,0,0.1092,1640.689087,0.6095
1,1,1,A,64728.73828,64736.89844,3.333858,0.458954,8.1603,3370.407715,0.2967
1,1,0,AB,64736.89844,64736.96094,1.953817,0,0.0625,120.926292,8.2695
1,1,1,A,64736.96094,64750.30859,3.190753,0.452184,13.3475,121.613075,8.2228
1,1,0,A,64750.30859,64751.30078,-0.404765,0.325402,0.9925,74.571213,13.41
1,1,1,A,64751.30078,64751.60938,3.811015,0.271392,0.3085,69.735008,14.34
1,1,0,A,64751.60938,64752.44141,0.007881,0.284575,0.832,768.639526,1.301
1,1,1,A,64752.44141,64752.57813,3.17743,0.022923,0.1366,876.808411,1.1405
1,1,0,A,64752.57813,64754.05859,0.731109,0.637909,1.4804,1032.417969,0.9686
1,1,1,AB,64754.05859,64754.17969,2.8716,0,0.121,618.429199,1.617
1,1,0,AB,64754.17969,64754.26953,1.406015,0,0.09,624.453613,1.6014
1,1,1,A,64754.26953,64755,4.318907,0.351865,0.7305,4739.336426,0.211
1,1,0,A,64755,64755.35938,0.039956,0.146139,0.3595,1218.769043,0.8205
1,1,1,A,64755.35938,64756.01953,3.605874,0.27957,0.66,917.431213,1.09
1,1,0,A,64756.01953,64756.85156,0.806146,0.11973,0.832,980.872986,1.0195
1,1,1,AB,64756.85156,64756.96094,3.110515,0,0.1095,670.241272,1.492
1,1,0,A,64756.96094,64757.64063,0.273224,0.204991,0.6795,1062.134888,0.9415
1,1,1,A,64757.64063,64759.53906,3.77341,0.562821,1.8986,1267.427124,0.789
1,1,0,A,64759.53906,64759.78906,0.215539,0.255122,0.25,387.882538,2.5781
1,1,1,A,64759.78906,64759.96875,3.422521,0.09903,0.1799,465.419342,2.1486
1,1,0,A,64759.96875,64760.12109,0.847486,0.037083,0.1521,2326.122314,0.4299
1,1,1,A,64760.12109,64760.32031,3.183276,0.061981,0.1991,3012.048096,0.332
1,1,0,A,64760.32031,64761.08984,0.156716,0.312994,0.7698,2847.380371,0.3512
1,1,1,A,64761.08984,64761.51172,3.734876,0.229275,0.4215,1032.098267,0.9689
1,1,0,A,64761.51172,64762.94922,0.119389,0.296695,1.4377,839.419128,1.1913
1,1,1,A,64762.94922,64764.23828,3.39086,0.379497,1.289,537.865723,1.8592
1,1,0,A,64764.23828,64765.42188,0.108244,0.648118,1.1838,366.743683,2.7267
1,1,1,A,64765.42188,64766.51953,2.763205,0.305556,1.0975,404.399872,2.4728
1,1,0,A,64766.51953,64767.10156,-0.126236,0.256472,0.582,438.346558,2.2813
1,1,1,A,64767.10156,64767.62109,3.258137,0.152381,0.5196,595.415283,1.6795
1,1,0,AB,64767.62109,64767.67188,1.972614,0,0.0509,907.770508,1.1016
1,1,1,A,64767.67188,64768.37109,3.348635,0.296147,0.6991,1752.848389,0.5705
1,1,0,A,64768.37109,64768.87109,0.047971,0.320312,0.5,1333.333374,0.75
1,1,1,A,64768.87109,64769.03125,3.223221,0.037086,0.1601,833.958801,1.1991
1,1,0,A,64769.03125,64769.57031,-0.651336,0.465792,0.539,1514.921997,0.6601
1,1,1,A,64769.57031,64771.41016,3.552566,0.500435,1.84,1430.410522,0.6991
1,1,0,A,64771.41016,64771.94141,-0.661812,0.355749,0.5313,420.344696,2.379
1,1,1,A,64771.94141,64772.23047,4.301045,0.262295,0.289,421.709625,2.3713
1,1,0,A,64772.23047,64772.46094,0.303488,0.279544,0.2305,1219.066162,0.8203
1,1,1,AB,64772.46094,64772.5,2.258183,0,0.039,1924.927856,0.5195
1,1,0,A,64772.5,64772.71875,0.47386,0.142854,0.219,3710.575195,0.2695
1,1,1,A,64772.71875,64772.94141,4.34128,0.20074,0.2225,3875.968994,0.258
1,1,0,A,64772.94141,64773.76953,0.396519,0.335212,0.828,2265.005615,0.4415
1,1,1,A,64773.76953,64775.41016,3.739021,0.658392,1.6407,951.927673,1.0505
1,1,0,A,64775.41016,64775.57813,0.780469,0.080658,0.1679,405.071503,2.4687
1,1,1,A,64775.57813,64776.03906,4.066569,0.489556,0.461,552.913879,1.8086
1,1,0,A,64776.03906,64776.32031,1.297254,0.130648,0.2811,1590.077881,0.6289
1,1,1,A,64776.32031,64777.76172,3.154534,0.445237,1.4413,1347.527344,0.7421
1,1,0,A,64777.76172,64779.39063,0.129769,0.400047,1.629,580.585205,1.7224
1,1,1,A,64779.39063,64782.05078,3.759394,0.500183,2.6605,325.70108,3.0703
1,1,0,A,64782.05078,64782.5,0.48317,0.432442,0.449,233.127411,4.2895
1,1,1,A,64782.5,64784.5,4.029354,0.55301,2,321.595123,3.1095
1,1,0,A,64784.5,64784.78125,0.4939,0.105184,0.2812,408.329926,2.449
1,1,1,A,64784.78125,64785.30078,4.275161,0.594422,0.5198,438.365784,2.2812
1,1,0,A,64785.30078,64786.42969,0.204068,0.462373,1.1285,1248.439453,0.801
1,1,1,A,64786.42969,64786.87891,3.647525,0.209849,0.4495,606.685669,1.6483
1,1,0,A,64786.87891,64787.08984,0.505059,0.093392,0.211,633.713562,1.578
1,1,1,A,64787.08984,64787.76172,3.797823,0.397078,0.6715,1514.004517,0.6605
1,1,0,AB,64787.76172,64787.82031,1.677715,0,0.0587,1133.144531,0.8825
1,1,1,A,64787.82031,64788.69922,4.010686,0.587031,0.879,1369.487793,0.7302
1,1,0,AB,64788.69922,64788.76953,1.787107,0,0.0703,1066.439209,0.9377
1,1,1,A,64788.76953,64789.48047,4.01289,0.335536,0.711,1053.407715,0.9493
1,1,0,A,64789.48047,64789.98828,0.772399,0.264791,0.5077,1279.918091,0.7813
1,1,1,A,64789.98828,64790.48047,2.799271,0.366718,0.4923,820.546509,1.2187
1,1,0,A,64790.48047,64795.19922,0.393383,0.374281,4.7187,1000,1
1,1,1,A,64795.19922,64795.82813,4.151578,0.411461,0.6289,191.901749,5.211
1,1,0,A,64795.82813,64797.55859,0.157357,0.387996,1.7304,186.999771,5.3476
1,1,1,A,64797.55859,64798.14844,3.954031,0.396278,0.59,423.854523,2.3593
1,1,0,A,64798.14844,64799.07813,0.226763,0.307977,0.9296,430.960175,2.3204
1,1,1,A,64799.07813,64800.33984,3.891933,0.231074,1.2619,658.067932,1.5196
1,1,0,A,64800.33984,64800.51172,0.772406,0.07739,0.1715,456.308472,2.1915
1,1,1,A,64800.51172,64801.35156,4.131233,0.404977,0.84,697.641968,1.4334
1,1,0,A,64801.35156,64802.07813,0.456157,0.517437,0.7266,988.630737,1.0115
1,1,1,AB,64802.07813,64802.17188,2.790488,0,0.0939,638.325012,1.5666
1,1,0,A,64802.17188,64802.35938,0.435093,0.110822,0.1875,1218.769043,0.8205
1,1,1,A,64802.35938,64803.14063,3.643859,0.595492,0.781,3553.660156,0.2814
1,1,0,A,64803.14063,64803.69141,0.589691,0.356379,0.551,1032.524536,0.9685
1,1,1,A,64803.69141,64803.89063,3.950417,0.095672,0.199,750.750732,1.332
1,1,0,A,64803.89063,64804.30859,0.103168,0.383895,0.418,1333.333374,0.75
1,1,1,AB,64804.30859,64804.32813,2.066983,0,0.0196,1620.745483,0.617
1,1,0,A,64804.32813,64804.69141,0.219094,0.462762,0.3634,2285.191895,0.4376
1,1,1,A,64804.69141,64805.39063,3.701259,0.344413,0.699,2610.966064,0.383
1,1,0,A,64805.39063,64805.71875,0.769779,0.514387,0.3285,941.265076,1.0624
1,1,1,A,64805.71875,64806.30078,3.565205,0.571913,0.582,973.236023,1.0275
1,1,0,A,64806.30078,64806.57813,0.188701,0.155818,0.2771,1098.297607,0.9105
1,1,1,A,64806.57813,64807.46875,3.492527,0.604617,0.8909,1164.008789,0.8591
1,1,0,A,64807.46875,64807.71094,0.616177,0.114843,0.242,856.164368,1.168
1,1,1,AB,64807.71094,64807.82813,2.957666,0,0.1171,882.69043,1.1329
1,1,0,A,64807.82813,64808.23828,0.829707,0.166416,0.4101,2784.739746,0.3591
1,1,1,A,64808.23828,64808.57813,4.260347,0.22248,0.3399,1896.813354,0.5272
1,1,0,A,64808.57813,64808.75,0.374305,0.051381,0.1719,1333.333374,0.75
1,1,1,A,64808.75,64811.03125,3.467772,0.742472,2.2812,1953.888184,0.5118
1,1,0,AB,64811.03125,64811.07813,1.99821,0,0.0469,407.647461,2.4531
1,1,1,A,64811.07813,64812.37891,3.380275,0.357509,1.3009,429.534821,2.3281
1,1,0,A,64812.37891,64812.57031,-0.044204,0.121581,0.1912,741.949829,1.3478
1,1,1,A,64812.57031,64812.98047,4.108377,0.301043,0.4103,670.19635,1.4921
1,1,0,A,64812.98047,64813.30078,-0.302947,0.242833,0.3205,1662.510376,0.6015
1,1,1,A,64813.30078,64818.51172,3.787463,0.544877,5.2105,1368.363403,0.7308
1,1,0,A,64818.51172,64819.51172,-0.134408,0.313719,1,180.799133,5.531
1,1,1,A,64819.51172,64819.73828,4.014984,0.185659,0.2267,161.017624,6.2105
1,1,0,A,64819.73828,64820.32813,-0.090883,0.268539,0.5899,815.195251,1.2267
1,1,1,A,64820.32813,64822.73828,3.485702,0.495857,2.4101,1224.589722,0.8166
1,1,0,A,64822.73828,64823.10938,0.601196,0.120498,0.3713,333.333344,3
1,1,1,A,64823.10938,64823.64063,4.30722,0.271337,0.531,359.531158,2.7814
1,1,0,A,64823.64063,64823.82813,-0.165223,0.11696,0.1876,1108.278809,0.9023
1,1,1,A,64823.82813,64824.85156,4.355019,0.584494,1.0234,1391.594727,0.7186
1,1,0,AB,64824.85156,64824.94922,1.092678,0,0.0977,825.763855,1.211
1,1,1,A,64824.94922,64825.26172,3.767802,0.132115,0.3123,891.981079,1.1211
1,1,0,A,64825.26172,64825.69922,-0.112578,0.330908,0.4377,2439.024414,0.41
1,1,1,AB,64825.69922,64825.82031,2.432199,0,0.121,1333.333374,0.75
1,1,0,A,64825.82031,64826.10938,0.82155,0.126181,0.2893,1789.869385,0.5587
1,1,1,A,64826.10938,64827.01953,3.486547,0.414147,0.91,2437.240967,0.4103
1,1,0,AB,64827.01953,64827.07031,1.885166,0,0.0507,833.819702,1.1993
1,1,1,A,64827.07031,64829.76953,3.177949,0.653018,2.6993,1040.907715,0.9607
1,1,0,A,64829.76953,64830.5,0.169545,0.316764,0.7305,363.636353,2.75
1,1,1,A,64830.5,64830.78125,3.611503,0.042952,0.2812,291.562195,3.4298
1,1,0,A,64830.78125,64831.03125,0.537394,0.308444,0.25,988.435303,1.0117
1,1,1,A,64831.03125,64832.48047,3.955974,0.482721,1.4493,1882.530151,0.5312
1,1,0,A,64832.48047,64834.01172,0.226989,0.332426,1.531,588.4776,1.6993
1,1,1,A,64834.01172,64834.19922,3.255462,0.098763,0.1877,335.536682,2.9803
1,1,0,AB,64834.19922,64834.23828,1.956918,0,0.039,581.835083,1.7187
1,1,1,A,64834.23828,64835.58984,3.897213,0.459456,1.3518,4411.116211,0.2267
1,1,0,A,64835.58984,64836.33984,0.126255,0.733013,0.75,719.01062,1.3908
1,1,1,A,64836.33984,64838.17969,3.359894,0.660464,1.8395,475.782654,2.1018
1,1,0,AB,64838.17969,64838.23828,1.966127,0,0.0587,386.174927,2.5895
1,1,1,A,64838.23828,64840.73828,3.447832,0.390669,2.5,526.81488,1.8982
1,1,0,A,64840.73828,64841.30859,0.067656,0.206462,0.5703,390.823456,2.5587
1,1,1,A,64841.30859,64841.73828,4.0967,0.238554,0.4297,325.70108,3.0703
1,1,0,A,64841.73828,64843.23828,0.223413,0.548269,1.5,1000,1
1,1,1,A,64843.23828,64843.55859,3.978895,0.463255,0.3203,518.215271,1.9297
1,1,0,A,64843.55859,64844.32813,0.268139,0.22584,0.7696,549.359985,1.8203
1,1,1,A,64844.32813,64844.66016,3.50586,0.341759,0.3321,917.515381,1.0899
1,1,0,A,64844.66016,64844.85938,0.748472,0.113739,0.1993,907.68811,1.1017
1,1,1,A,64844.85938,64845.03125,3.739148,0.072059,0.1717,1881.821655,0.5314
1,1,0,A,64845.03125,64845.69141,0.511255,0.360912,0.6603,2695.417725,0.371
1,1,1,A,64845.69141,64845.96094,3.974888,0.269117,0.2695,1201.923096,0.832
1,1,0,A,64845.96094,64846.33984,1.009879,0.174698,0.379,1075.500122,0.9298
1,1,1,A,64846.33984,64846.75,3.763703,0.454352,0.41,1542.02002,0.6485
1,1,0,A,64846.75,64847.60156,0.394658,0.460564,0.8515,1267.427124,0.789
1,1,1,A,64847.60156,64848.94922,4.137842,0.750782,1.3477,792.707092,1.2615
1,1,0,A,64848.94922,64849.28125,0.319693,0.176977,0.332,454.710815,2.1992
1,1,1,A,64849.28125,64849.96094,4.436604,0.462902,0.6798,595.344421,1.6797
1,1,0,A,64849.96094,64850.96875,0.574247,0.60828,1.008,988.337646,1.0118
1,1,1,A,64850.96875,64851.26953,3.556078,0.265695,0.3005,592.487244,1.6878
1,1,0,A,64851.26953,64851.55078,0.665085,0.221015,0.2815,764.233826,1.3085
1,1,1,A,64851.55078,64851.69922,2.775815,0.02088,0.1482,1718.213013,0.582
1,1,0,A,64851.69922,64853.17188,0.169642,0.550049,1.4728,2327.205078,0.4297
1,1,1,A,64853.17188,64853.35938,3.073589,0.118302,0.1875,616.903137,1.621
1,1,0,AB,64853.35938,64853.42969,1.932726,0,0.07,602.300781,1.6603
1,1,1,A,64853.42969,64853.76172,3.557331,0.136707,0.332,3883.495117,0.2575
1,1,0,A,64853.76172,64853.94922,0.110559,0.121153,0.1877,2487.562256,0.402
1,1,1,A,64853.94922,64854.26172,3.634013,0.391467,0.3123,1924.187012,0.5197
1,1,0,A,64854.26172,64855.01172,-0.185403,0.4238,0.75,2000,0.5
1,1,1,A,64855.01172,64855.19141,3.328008,0.152082,0.18,941.353638,1.0623
1,1,0,A,64855.19141,64855.33984,0.913547,0.018829,0.1485,1075.268799,0.93
1,1,1,A,64855.33984,64855.55078,2.730784,0.018098,0.211,3044.140137,0.3285
1,1,0,A,64855.55078,64855.76953,-0.40274,0.267612,0.2185,2781.641113,0.3595
1,1,1,A,64855.76953,64856.48828,4.018221,0.240174,0.7187,2328.288818,0.4295
1,1,0,A,64856.48828,64856.98047,-0.203147,0.150615,0.4923,1067.008057,0.9372
1,1,1,A,64856.98047,64857.14063,4.273647,0.057699,0.16,825.763855,1.211
1,1,0,A,64857.14063,64857.62891,0.875064,0.202887,0.4885,1533.036987,0.6523
1,1,1,A,64857.62891,64859.46094,3.935278,0.387126,1.832,1542.02002,0.6485
1,1,0,A,64859.46094,64861.60156,-0.132326,0.314611,2.1405,430.94162,2.3205
1,1,1,A,64861.60156,64861.89844,3.209485,0.182213,0.297,251.730652,3.9725
1,1,0,A,64861.89844,64862.62109,-0.330326,0.268792,0.7226,410.256409,2.4375
1,1,1,AB,64862.62109,64862.71875,2.740517,0,0.0979,980.776794,1.0196
1,1,0,AB,64862.71875,64862.76953,1.903623,0,0.0505,1218.769043,0.8205
1,1,1,A,64862.76953,64863.07813,2.580646,0.28908,0.3086,6738.544434,0.1484
1,1,0,A,64863.07813,64863.64844,-0.131063,0.184045,0.5704,2784.739746,0.3591
1,1,1,A,64863.64844,64864.01953,3.549496,0.091646,0.371,1137.656372,0.879
1,1,0,A,64864.01953,64864.42188,0.729561,0.612208,0.4025,1062.247681,0.9414
1,1,1,A,64864.42188,64864.62109,4.204983,0.148333,0.1991,1292.824829,0.7735
1,1,0,A,64864.62109,64864.92188,0.454833,0.280277,0.3009,1662.234009,0.6016
1,1,1,A,64864.92188,64865.07813,3.163979,0.023649,0.1561,2000,0.5
1,1,0,A,64865.07813,64865.44141,0.227001,0.276029,0.3634,2188.183838,0.457
1,1,1,A,64865.44141,64867.10938,3.790203,0.573683,1.668,1924.927856,0.5195
1,1,0,A,64867.10938,64867.23828,1.493621,0,0.1287,492.271332,2.0314
1,1,1,A,64867.23828,64867.92969,4.242521,0.374912,0.6913,556.575928,1.7967
1,1,0,A,64867.92969,64868.28906,0.590562,0.17382,0.3596,1219.512207,0.82
1,1,1,AB,64868.28906,64868.37109,2.460304,0,0.082,951.565308,1.0509
1,1,0,A,64868.37109,64869.17188,0.354761,0.360755,0.8009,2264.492676,0.4416
1,1,1,AB,64869.17188,64869.19922,2.156369,0,0.0272,1132.631104,0.8829
1,1,0,A,64869.19922,64869.35156,1.208723,0.034931,0.1523,1207.583618,0.8281
1,1,1,A,64869.35156,64869.83984,3.985016,0.233824,0.4885,5571.030762,0.1795
1,1,0,A,64869.83984,64871.78125,0.586931,0.509029,1.9412,1560.549316,0.6408
1,1,1,A,64871.78125,64872.05078,3.821679,0.202569,0.2698,411.573456,2.4297
1,1,0,A,64872.05078,64872.96875,0.374789,0.428384,0.918,452.284027,2.211
1,1,1,A,64872.96875,64873.53906,4.140402,0.562984,0.5701,841.892578,1.1878
1,1,0,A,64873.53906,64873.80078,0.801298,0.233235,0.2619,671.997864,1.4881
1,1,1,A,64873.80078,64874.53906,3.787934,0.501827,0.7381,1201.923096,0.832
1,1,0,A,64874.53906,64874.78125,0.595384,0.135548,0.2421,1000,1
1,1,1,A,64874.78125,64875.19922,4.174679,0.162489,0.418,1020.199951,0.9802
1,1,0,A,64875.19922,64875.76953,0.007593,0.153821,0.5703,1514.921997,0.6601
1,1,1,A,64875.76953,64878.05859,3.732414,0.517621,2.289,1011.838501,0.9883
1,1,0,A,64878.05859,64878.42188,0.564561,0.492543,0.3635,349.735962,2.8593
1,1,1,AB,64878.42188,64878.48828,2.497708,0,0.0662,377.002838,2.6525
1,1,0,A,64878.48828,64878.76172,-0.096805,0.346759,0.2733,2327.205078,0.4297
1,1,1,AB,64878.76172,64878.80859,2.161182,0,0.047,2945.508057,0.3395
1,1,0,A,64878.80859,64878.94141,1.457794,0,0.133,3122.072998,0.3203
1,1,1,A,64878.94141,64879.32031,3.673968,0.413781,0.3787,5555.555664,0.18
1,1,0,AB,64879.32031,64879.39063,1.966418,0,0.0703,1954.27002,0.5117
1,1,1,A,64879.39063,64879.62109,2.635984,0.089405,0.2306,2227.171387,0.449
1,1,0,AB,64879.62109,64879.69922,1.962128,0,0.0781,3323.363281,0.3009
1,1,1,A,64879.69922,64879.85938,2.723599,0.060586,0.1603,3239.391113,0.3087
1,1,0,A,64879.85938,64880.10156,0.236978,0.215078,0.242,4194.630859,0.2384
1,1,1,A,64880.10156,64882.48047,3.359855,0.615302,2.379,2485.707275,0.4023
1,1,0,A,64882.48047,64882.92969,0.485787,0.473205,0.449,381.533752,2.621
1,1,1,A,64882.92969,64888.87891,3.57288,0.673745,5.9495,353.606781,2.828
1,1,0,AB,64888.87891,64888.94922,1.954665,0,0.0702,156.286636,6.3985
1,1,1,A,64888.94922,64889.16016,2.647839,0.228322,0.211,166.121231,6.0197
1,1,0,A,64889.16016,64890.46094,0.189583,0.509305,1.3008,3556.187744,0.2812
1,1,1,A,64890.46094,64890.80078,3.279126,0.226744,0.34,661.463135,1.5118
1,1,0,A,64890.80078,64891.37109,0.040169,0.145574,0.5701,609.458801,1.6408
1,1,1,A,64891.37109,64892.32031,3.891606,0.463575,0.9491,1098.780396,0.9101
1,1,0,A,64892.32031,64892.5,0.263303,0.085183,0.1798,658.24115,1.5192
1,1,1,A,64892.5,64896.48828,3.871658,0.559962,3.9882,885.818054,1.1289
1,1,0,A,64896.48828,64896.89063,0.258535,0.241679,0.4023,239.923218,4.168
1,1,1,A,64896.89063,64897.12109,4.405069,0.237051,0.2306,227.764496,4.3905
1,1,0,A,64897.12109,64897.55078,0.408065,0.269376,0.4299,1580.028442,0.6329
1,1,1,A,64897.55078,64898.23828,4.01258,0.613998,0.6872,1514.004517,0.6605
1,1,0,A,64898.23828,64898.76172,0.11832,0.471558,0.5233,895.174988,1.1171
1,1,1,A,64898.76172,64898.96875,4.359981,0.231313,0.2075,826.104919,1.2105
1,1,0,A,64898.96875,64899.19141,0.659962,0.145224,0.2225,1368.363403,0.7308
1,1,1,A,64899.19141,64899.35938,2.737818,0.043214,0.168,2325.581299,0.43
1,1,0,A,64899.35938,64899.85938,0.080759,0.53844,0.5,2560.81958,0.3905
1,1,1,AB,64899.85938,64899.96875,3.08188,0,0.1095,1497.005981,0.668
1,1,0,A,64899.96875,64900.10156,0.631983,0,0.1325,1640.689087,0.6095
1,1,1,A,64900.10156,64900.83984,3.421766,0.455857,0.7385,4132.231445,0.242
1,1,0,A,64900.83984,64901.32031,0.384197,0.296738,0.4802,1148.105591,0.871
1,1,1,A,64901.32031,64901.73047,3.939435,0.175999,0.4103,820.546509,1.2187
1,1,0,A,64901.73047,64902.55078,0.759746,0.355879,0.8205,1122.9646,0.8905
1,1,1,A,64902.55078,64903.32031,3.697874,0.332976,0.7692,812.479675,1.2308
1,1,0,A,64903.32031,64905.75,0.209665,0.382501,2.4298,629.0495,1.5897
1,1,1,A,64905.75,64905.91016,4.058811,0.074792,0.1602,312.597687,3.199
1,1,0,A,64905.91016,64906.14844,0.877331,0.11713,0.2383,386.100372,2.59
1,1,1,A,64906.14844,64906.58984,3.555502,0.258626,0.4415,2509.4104,0.3985
1,1,0,A,64906.58984,64907.26172,-0.007691,0.212206,0.6715,1471.020874,0.6798
1,1,1,A,64907.26172,64907.44141,4.006074,0.135456,0.18,898.472595,1.113
1,1,0,A,64907.44141,64908.12109,0.312755,0.380914,0.6796,1174.398071,0.8515
1,1,1,A,64908.12109,64908.71875,3.917627,0.530581,0.5979,1163.331787,0.8596
1,1,0,A,64908.71875,64909.98828,0.071758,0.655246,1.2692,782.77887,1.2775
1,1,1,A,64909.98828,64910.32813,3.509498,0.162775,0.3399,535.589966,1.8671
1,1,0,A,64910.32813,64910.51172,0.605371,0.065938,0.1834,621.465393,1.6091
1,1,1,A,64910.51172,64911.87109,3.043854,0.433507,1.3596,1910.949707,0.5233
1,1,0,AB,64911.87109,64911.92969,1.993056,0,0.0584,648.088135,1.543
1,1,1,A,64911.92969,64912.87891,3.032604,0.393215,0.9495,705.218628,1.418
1,1,0,A,64912.87891,64919.51172,-0.323833,0.401726,6.6325,992.161926,1.0079
1,1,1,A,64919.51172,64921.17969,3.0547,0.463006,1.668,131.891327,7.582
1,1,0,A,64921.17969,64921.32813,1.602114,0.013869,0.1486,120.47467,8.3005
1,1,1,AB,64921.32813,64921.44141,2.397928,0,0.1134,550.478943,1.8166
1,1,0,AB,64921.44141,64921.55859,1.876139,0,0.117,3816.793945,0.262
1,1,1,A,64921.55859,64921.78906,3.220423,0.160998,0.2306,4340.277832,0.2304
1,1,0,A,64921.78906,64925.69141,0.187058,0.418173,3.9024,2876.869873,0.3476
1,1,1,AB,64925.69141,64925.73828,2.278344,0,0.0467,241.955002,4.133
1,1,0,A,64925.73828,64929.10938,0.184781,0.494823,3.3713,253.22226,3.9491
1,1,1,A,64929.10938,64933.01953,3.338375,0.653978,3.91,292.568756,3.418
1,1,0,A,64933.01953,64934,0.163691,0.30268,0.9805,137.33812,7.2813
1,1,1,A,64934,64937.73828,3.582183,0.566689,3.7382,204.478073,4.8905
1,1,0,A,64937.73828,64938.67969,-0.163832,0.470724,0.9413,211.922775,4.7187
1,1,1,A,64938.67969,64942.12109,3.071203,0.427706,3.4416,213.698044,4.6795
1,1,0,AB,64942.12109,64942.21094,1.98014,0,0.0899,228.159439,4.3829
1,1,1,AB,64942.21094,64942.30859,2.264925,0,0.0975,283.165802,3.5315
1,1,0,AB,64942.30859,64942.41016,1.758281,0,0.1017,5336.179199,0.1874
1,1,1,A,64942.41016,64942.85156,2.938611,0.244462,0.4413,5020.080078,0.1992
1,1,0,AB,64942.85156,64942.94922,1.865588,0,0.0977,1841.620605,0.543
1,1,1,AB,64942.94922,64943.03906,2.133588,0,0.0899,1855.287598,0.539
1,1,0,AB,64943.03906,64943.12109,2.006814,0,0.082,5330.490234,0.1876
1,1,1,A,64943.12109,64943.39844,2.263762,0.062411,0.2774,5817.335449,0.1719
1,1,0,AB,64943.39844,64943.48828,2.001647,0,0.0897,2782.415039,0.3594
1,1,1,A,64943.48828,64943.64063,2.593091,0.017262,0.1523,2724.053467,0.3671
1,1,0,AB,64943.64063,64943.73047,1.858437,0,0.09,4132.231445,0.242
1,1,1,A,64943.73047,64945.46094,2.769438,0.33531,1.7305,4127.115234,0.2423
1,1,0,AB,64945.46094,64945.51172,1.952522,0,0.0505,549.299622,1.8205
1,1,1,A,64945.51172,64946.17969,2.744391,0.316359,0.668,561.4823,1.781
1,1,0,AB,64946.17969,64946.23047,1.971288,0,0.051,1391.788452,0.7185
1,1,1,A,64946.23047,64946.73828,3.166152,0.463071,0.5077,1390.820557,0.719
1,1,0,A,64946.73828,64947.33984,0.156193,0.316805,0.6018,1789.869385,0.5587
1,1,1,AB,64947.33984,64947.44922,3.081165,0,0.1092,901.306885,1.1095
1,1,0,A,64947.44922,64947.76953,-0.177859,0.197557,0.3203,1406.469727,0.711
1,1,1,A,64947.76953,64949.23047,3.433708,0.509265,1.461,2328.288818,0.4295
1,1,0,AB,64949.23047,64949.30859,1.609706,0,0.078,561.387756,1.7813
1,1,1,A,64949.30859,64949.55859,3.360804,0.138824,0.25,649.772583,1.539
1,1,0,AB,64949.55859,64949.62109,1.966228,0,0.0626,3048.780518,0.328
1,1,1,A,64949.62109,64952.25,3.810422,0.584006,2.6289,3198.976318,0.3126
1,1,0,A,64952.25,64968.89063,0.069836,0.515963,16.640499,371.540039,2.6915
1,1,1,A,64968.89063,64970.32813,3.406519,0.477352,1.4376,51.895752,19.2694
1,1,0,A,64970.32813,64971.39063,0.078586,0.338007,1.0624,55.315548,18.0781
1,1,1,A,64971.39063,64972.44922,3.283464,0.487152,1.0587,400,2.5
1,1,0,A,64972.44922,64973.92188,0.539621,0.44774,1.4728,471.453491,2.1211
1,1,1,A,64973.92188,64974.48828,3.692582,0.271999,0.5662,395.022705,2.5315
1,1,0,A,64974.48828,64974.91016,0.388977,0.072004,0.422,490.436493,2.039
1,1,1,A,64974.91016,64975.82813,3.742155,0.545328,0.9179,1011.940918,0.9882
1,1,0,A,64975.82813,64976.07031,0.043642,0.14423,0.2421,746.324341,1.3399
1,1,1,A,64976.07031,64976.42188,3.68681,0.038575,0.3518,862.06897,1.16
1,1,0,A,64976.42188,64977.26172,-0.028758,0.388129,0.8395,1683.785156,0.5939
1,1,1,A,64977.26172,64978.21094,2.908228,0.525287,0.9495,839.419128,1.1913
1,1,0,A,64978.21094,64980.51953,0.212981,0.348662,2.3085,558.971497,1.789
1,1,1,A,64980.51953,64980.80078,3.741155,0.151359,0.2815,306.936768,3.258
1,1,0,A,64980.80078,64982.69141,0.367296,0.3234,1.8905,386.100372,2.59
1,1,1,A,64982.69141,64983.12109,3.862222,0.21816,0.4296,460.405151,2.172
1,1,0,A,64983.12109,64984.35938,0.953032,0.306271,1.2384,431.0159,2.3201
1,1,1,AB,64984.35938,64984.44141,2.549108,0,0.082,599.520386,1.668
1,1,0,A,64984.44141,64984.66016,0.294483,0.163583,0.2187,757.346252,1.3204
1,1,1,A,64984.66016,64985.75,3.02536,0.309107,1.0898,3325.57373,0.3007
1,1,0,AB,64985.75,64985.80078,2.051864,0,0.051,764.233826,1.3085
1,1,1,A,64985.80078,64986.53906,3.084608,0.287671,0.7381,876.57782,1.1408
1,1,0,A,64986.53906,64986.67969,0.931935,0.040678,0.1404,1267.266479,0.7891
1,1,1,A,64986.67969,64987.21875,3.640164,0.449348,0.5395,1138.303955,0.8785
1,1,0,AB,64987.21875,64987.26172,2.035367,0,0.0425,1470.804565,0.6799
1,1,1,A,64987.26172,64988.05859,4.192998,0.454946,0.797,1718.213013,0.582
1,1,0,AB,64988.05859,64988.16016,1.72185,0,0.1017,1191.185181,0.8395
1,1,1,A,64988.16016,64988.51953,3.539739,0.559551,0.3593,1112.718384,0.8987
1,1,0,A,64988.51953,64988.80078,0.376423,0.162087,0.2815,2169.19751,0.461
1,1,1,A,64988.80078,64990.05078,4.153394,0.455348,1.25,1560.549316,0.6408
1,1,0,A,64990.05078,64990.42969,0.189441,0.615808,0.3785,652.95459,1.5315
1,1,1,AB,64990.42969,64990.53125,2.873595,0,0.1017,614.062012,1.6285
1,1,0,A,64990.53125,64992.69141,-0.416901,0.355249,2.1603,2082.465576,0.4802
1,1,1,A,64992.69141,64994.23047,3.192854,0.280121,1.539,442.086639,2.262
1,1,0,A,64994.23047,64994.48047,0.454316,0.153944,0.25,270.321411,3.6993
1,1,1,A,64994.48047,64995.67188,3.512962,0.346999,1.1915,558.971497,1.789
1,1,0,A,64995.67188,64998.28906,0.047045,0.42553,2.6171,693.721802,1.4415
1,1,1,AB,64998.28906,64998.39063,2.954645,0,0.1014,262.56366,3.8086
1,1,0,A,64998.39063,64998.82031,0.214894,0.631138,0.4297,367.849915,2.7185
1,1,1,A,64998.82031,64999.92188,3.643425,0.348585,1.1018,1882.884521,0.5311
1,1,0,A,64999.92188,65000.37891,0.681436,0.32502,0.457,652.95459,1.5315
1,1,1,A,65000.37891,65000.64063,3.45013,0.301616,0.2615,641.519104,1.5588
1,1,0,A,65000.64063,65001.37891,-0.028858,0.425871,0.7385,1391.788452,0.7185
1,1,1,AB,65001.37891,65001.46875,2.725964,0,0.09,1000,1
1,1,0,AB,65001.46875,65001.57031,1.361318,0,0.1012,1207.00061,0.8285
1,1,1,A,65001.57031,65001.69922,2.907603,0,0.129,5230.125488,0.1912
1,1,0,A,65001.69922,65002.55859,0.259161,0.24899,0.8593,4344.048828,0.2302
1,1,1,A,65002.55859,65003.12109,3.173176,0.592068,0.5626,1011.838501,0.9883
1,1,0,AB,65003.12109,65003.23047,0.972401,0,0.1094,703.284363,1.4219
1,1,1,A,65003.23047,65003.92969,3.906655,0.254119,0.699,1488.095215,0.672
1,1,0,A,65003.92969,65004.30859,0.643352,0.182179,0.379,1237.011353,0.8084
1,1,1,A,65004.30859,65004.78125,3.671629,0.47065,0.4727,927.643799,1.078
1,1,0,AB,65004.78125,65004.85156,1.600744,0,0.0703,1174.122314,0.8517
1,1,1,A,65004.85156,65005.03906,3.686733,0.142083,0.1876,1841.620605,0.543
1,1,0,A,65005.03906,65005.17969,0.641291,0.00295,0.1404,3877.471924,0.2579
1,1,1,A,65005.17969,65005.33984,3.238533,0.058895,0.1605,3048.780518,0.328
1,1,0,AB,65005.33984,65005.42969,1.713564,0,0.0895,3323.363281,0.3009
1,1,1,A,65005.42969,65005.98828,3.457192,0.277079,0.5587,4000,0.25
1,1,0,A,65005.98828,65006.60156,0.293066,0.204232,0.6133,1542.733765,0.6482
1,1,1,A,65006.60156,65007.26953,3.165596,0.465,0.668,853.24231,1.172
1,1,0,A,65007.26953,65007.39844,1.340242,0,0.129,780.457336,1.2813
1,1,1,A,65007.39844,65007.73047,2.982175,0.055439,0.332,1254.7052,0.797
1,1,0,A,65007.73047,65007.91016,1.099328,0.132682,0.1797,2169.19751,0.461
1,1,1,A,65007.91016,65008.17969,3.444226,0.248165,0.2693,1954.27002,0.5117
1,1,0,AB,65008.17969,65008.30078,1.342601,0,0.1215,2227.171387,0.449
1,1,1,AB,65008.30078,65008.39844,2.818887,0,0.0975,2558.853516,0.3908
1,1,0,AB,65008.39844,65008.48828,1.480686,0,0.0897,4566.209961,0.219
1,1,1,A,65008.48828,65009.33984,3.199937,0.347084,0.8518,5341.880371,0.1872
1,1,0,A,65009.33984,65009.55859,1.680327,0.073355,0.2185,1062.134888,0.9415
1,1,1,A,65009.55859,65011.28125,3.162722,0.528743,1.7227,934.317505,1.0703
1,1,0,A,65011.28125,65011.46094,1.249534,0.047614,0.1798,515.145264,1.9412
1,1,1,A,65011.46094,65015.94141,3.143175,0.438602,4.4805,525.624207,1.9025
1,1,0,AB,65015.94141,65016.01953,1.728622,0,0.078,214.578461,4.6603
1,1,1,A,65016.01953,65016.28125,3.151802,0.107012,0.2617,219.370407,4.5585
1,1,0,A,65016.28125,65016.67969,-0.193733,0.255027,0.3983,2943.773926,0.3397
1,1,1,A,65016.67969,65016.89063,2.80969,0.024727,0.211,1515.151489,0.66
1,1,0,AB,65016.89063,65016.98828,1.789487,0,0.0977,1641.227661,0.6093
1,1,1,A,65016.98828,65018.26172,2.940452,0.446842,1.2733,3239.391113,0.3087
1,1,0,A,65018.26172,65018.39844,1.695493,0.009539,0.137,729.394592,1.371
1,1,1,A,65018.39844,65018.71875,2.775375,0.171402,0.3205,709.06897,1.4103
1,1,0,A,65018.71875,65019.12109,-0.395456,0.520289,0.4021,2185.792236,0.4575
1,1,1,A,65019.12109,65020.05078,3.015049,0.320783,0.9299,1383.891479,0.7226
1,1,0,A,65020.05078,65020.96875,0.257025,0.291529,0.918,750.750732,1.332
1,1,1,A,65020.96875,65027.75,3.554029,0.570587,6.781,541.154846,1.8479
1,1,0,A,65027.75,65028.30078,0.338966,0.1499,0.551,129.886993,7.699
1,1,1,A,65028.30078,65033.37109,3.854214,0.457373,5.0701,136.388428,7.332
1,1,1,A,76064.60938,76064.75,4.01587,0.014951,0.1405,N/A,Not found
1,1,0,A,76064.75,76066.85156,0.026274,0.57267,2.1015,N/A,Not found
1,1,1,A,76066.85156,76067.07813,4.061932,0.176434,0.2266,446.030334,2.242
1,1,0,A,76067.07813,76070.79688,0.114289,0.539816,3.7189,429.534821,2.3281
1,1,1,A,76070.79688,76071.11719,4.573403,0.570638,0.3202,253.453308,3.9455
1,1,0,A,76071.11719,76072.85156,0.433166,0.457872,1.7343,247.57991,4.0391
1,1,1,A,76072.85156,76073.24219,5.097931,0.453916,0.3907,486.73642,2.0545
1,1,0,A,76073.24219,76075.21875,0.443391,0.734486,1.9768,470.588226,2.125
1,1,1,A,76075.21875,76075.5,4.435731,0.298353,0.281,422.386475,2.3675
1,1,0,A,76075.5,76075.65625,-0.244489,0.069123,0.1562,442.909027,2.2578
1,1,1,A,76075.65625,76076.60156,4.619667,0.473308,0.9453,2287.282715,0.4372
1,1,0,A,76076.60156,76088.38281,0.227525,0.624998,11.7815,907.852905,1.1015
1,1,1,AB,76088.38281,76088.46094,2.7989,0,0.078,78.574348,12.7268
1,1,0,A,76088.46094,76091.52344,-0.252173,0.487547,3.0625,84.320587,11.8595
1,1,1,A,76091.52344,76091.6875,4.051567,0.066098,0.164,318.420624,3.1405
1,1,0,A,76091.6875,76092.85938,-0.336983,0.497905,1.172,309.93335,3.2265
1,1,1,AB,76092.85938,76092.9375,2.679636,0,0.078,748.502991,1.336
1,1,0,A,76092.9375,76094.64063,0.406154,0.555922,1.703,800,1.25
1,1,1,A,76094.64063,76095.00781,4.732776,0.284192,0.3675,561.4823,1.781
1,1,0,A,76095.00781,76097.57813,0.51763,0.591635,2.5701,482.975128,2.0705
1,1,1,A,76097.57813,76097.95313,4.790904,0.293533,0.375,340.41394,2.9376
1,1,0,A,76097.95313,76098.57031,0.405029,0.457402,0.6171,339.547058,2.9451
1,1,1,A,76098.57031,76098.84375,3.569585,0.220977,0.2738,1007.962891,0.9921
1,1,0,AB,76098.84375,76098.85938,2.047092,0,0.0155,1122.460449,0.8909
1,1,1,A,76098.85938,76099.49219,4.631401,0.442633,0.6327,3456.619385,0.2893
1,1,0,A,76099.49219,76103.00781,0.48184,0.455769,3.5158,1542.733765,0.6482
1,1,1,A,76103.00781,76104.46094,4.634395,0.538327,1.453,241.05098,4.1485
1,1,0,A,76104.46094,76105.32031,0.424749,0.301538,0.8592,201.255829,4.9688
1,1,1,A,76105.32031,76105.57813,5.114072,0.357596,0.2579,432.488525,2.3122
1,1,0,AB,76105.57813,76105.67969,1.024011,0,0.1014,895.174988,1.1171
1,1,1,A,76105.67969,76105.86719,3.732929,0.096298,0.1877,2783.189453,0.3593
1,1,0,A,76105.86719,76106.53125,0.538048,0.168741,0.664,3459.010742,0.2891
1,1,1,A,76106.53125,76106.82813,4.569196,0.167539,0.2969,1174.122314,0.8517
1,1,0,A,76106.82813,76108.39844,0.027795,0.491699,1.5704,1040.69104,0.9609
1,1,1,A,76108.39844,76108.67969,4.950273,0.338652,0.281,535.532593,1.8673
1,1,0,A,76108.67969,76114.11719,0.441247,0.57365,5.4377,540.131775,1.8514
1,1,1,A,76114.11719,76116.47656,4.999496,0.715648,2.3593,174.864914,5.7187
1,1,0,A,76116.47656,76116.64844,0.697817,0.056861,0.172,128.254456,7.797
1,1,1,A,76116.64844,76117.04688,4.895336,0.48226,0.3985,395.053925,2.5313
1,1,0,A,76117.04688,76118.78125,0.252287,0.506241,1.7342,1752.848389,0.5705
1,1,1,A,76118.78125,76119.21094,5.136115,0.579414,0.4298,468.889191,2.1327
1,1,0,A,76119.21094,76122.95313,0.501911,0.473788,3.7421,462.107208,2.164
1,1,1,A,76122.95313,76123.57031,5.156211,0.484491,0.6171,239.698944,4.1719
1,1,0,A,76123.57031,76124.6875,0.180999,0.378106,1.1173,229.399887,4.3592
1,1,1,A,76124.6875,76125.02344,4.843493,0.333155,0.336,576.568237,1.7344
1,1,0,A,76125.02344,76126.85156,0.143913,0.451656,1.828,688.089172,1.4533
1,1,1,A,76126.85156,76127.02344,3.161597,0.045776,0.172,462.107208,2.164
1,1,0,A,76127.02344,76127.17969,0.178913,0.045592,0.156,500,2
1,1,1,A,76127.17969,76127.40625,4.866758,0.204825,0.2267,3048.780518,0.328
1,1,0,A,76127.40625,76127.90625,-0.445486,0.315447,0.5,2613.012695,0.3827
1,1,1,A,76127.90625,76128.90625,4.555338,0.671045,1,1376.083618,0.7267
1,1,0,A,76128.90625,76140.64063,0.035385,0.663385,11.7343,666.666687,1.5
1,1,1,AB,76140.64063,76140.72656,2.241152,0,0.086,78.528069,12.7343
1,1,0,A,76140.72656,76141.03906,0.939656,0.229646,0.3126,84.60022,11.8203
1,1,1,A,76141.03906,76143.11719,4.687805,0.7814,2.0781,2508.780762,0.3986
1,1,0,A,76143.11719,76145.28906,-0.277473,0.362018,2.1719,418.287537,2.3907
1,1,1,A,76145.28906,76145.42188,3.717608,0,0.1329,235.294113,4.25
1,1,0,A,76145.42188,76149.46094,-0.310332,0.4963,4.039,433.877136,2.3048
1,1,1,AB,76149.46094,76149.57031,2.420746,0,0.1092,239.698944,4.1719
1,1,0,A,76149.57031,76159.78906,0.413045,0.696349,10.2189,241.06842,4.1482
1,1,1,A,76159.78906,76160.5625,5.198017,0.52791,0.7734,96.823227,10.3281
1,1,0,A,76160.5625,76161.28906,0.326172,0.452652,0.7266,90.972771,10.9923
1,1,1,A,76161.28906,76161.78125,4.590001,0.533952,0.4921,666.666687,1.5
1,1,0,A,76161.78125,76163.10938,0.276171,0.664879,1.3283,820.546509,1.2187
1,1,1,A,76163.10938,76163.79688,4.917894,0.640059,0.6875,549.329834,1.8204
1,1,0,A,76163.79688,76164.03906,-0.670552,0.202686,0.2421,496.080963,2.0158
1,1,1,A,76164.03906,76164.49219,5.239576,0.39971,0.4531,1075.731445,0.9296
1,1,0,A,76164.49219,76168.75781,0.249146,0.455126,4.2658,1438.434937,0.6952
1,1,1,A,76168.75781,76169.3125,5.694057,0.350055,0.5545,211.913788,4.7189
1,1,0,A,76169.3125,76169.5625,0.269991,0.382332,0.25,207.455963,4.8203
1,1,1,A,76169.5625,76169.86719,2.897578,0.555751,0.3047,1243.008057,0.8045
1,1,0,A,76169.86719,76170.59375,1.071086,0.463734,0.7268,1802.776245,0.5547
1,1,1,A,76170.59375,76170.90625,5.601418,0.580482,0.3122,969.461975,1.0315
1,1,0,A,76170.90625,76175.17188,0.351575,0.819452,4.2658,962.463928,1.039
1,1,1,A,76175.17188,76175.6875,4.703225,0.234536,0.5155,218.436005,4.578
1,1,0,A,76175.6875,76175.89844,0.354157,0.348831,0.211,209.148132,4.7813
1,1,1,A,76175.89844,76177.92188,3.694541,0.73865,2.0235,1376.462524,0.7265
1,1,0,A,76177.92188,76178.38281,0.08104,0.371303,0.461,447.527405,2.2345
1,1,1,A,76178.38281,76182.82813,4.346354,0.893318,4.4451,402.495483,2.4845
1,1,0,AB,76182.82813,76182.85938,1.996068,0,0.0314,203.827881,4.9061
1,1,1,A,76182.85938,76183.09375,3.927876,0.292034,0.2345,223.388809,4.4765
1,1,0,A,76183.09375,76184.60156,-0.106829,0.491716,1.5075,3760.812256,0.2659
1,1,1,A,76184.60156,76184.8125,4.896384,0.215622,0.211,574.052795,1.742
1,1,0,A,76184.8125,76188.15625,0.057895,0.536876,3.3437,581.902832,1.7185
1,1,1,A,76188.15625,76188.38281,3.840149,0.144525,0.2268,281.317688,3.5547
1,1,0,A,76188.38281,76191.02344,-0.273976,0.452957,2.6405,280.072815,3.5705
1,1,1,A,76191.02344,76191.27344,4.61754,0.180129,0.25,348.760162,2.8673
1,1,0,A,76191.27344,76193.32813,-0.015935,0.390236,2.0546,345.960907,2.8905
1,1,1,AB,76193.32813,76193.45313,3.749437,0,0.125,433.914764,2.3046
1,1,0,A,76193.45313,76194.50781,-0.122986,0.271292,1.0549,458.799774,2.1796
1,1,1,A,76194.50781,76194.77344,3.984783,0.517018,0.2655,847.52948,1.1799
1,1,0,A,76194.77344,76202.25,-0.509641,0.574736,7.4765,757.346252,1.3204
1,1,1,A,76202.25,76202.52344,3.523452,0.091734,0.2735,129.165588,7.742
1,1,0,A,76202.52344,76202.71094,-0.370623,0.162941,0.1875,129.032257,7.75
1,1,1,A,76202.71094,76202.92188,3.08983,0.031876,0.211,2169.19751,0.461
1,1,0,A,76202.92188,76203.95313,-0.475901,0.363832,1.0311,2509.4104,0.3985
1,1,1,A,76203.95313,76204.1875,4.367194,0.186579,0.2344,805.088135,1.2421
1,1,0,A,76204.1875,76205.78906,-0.455535,0.3193,1.6016,790.201477,1.2655
1,1,1,A,76205.78906,76206.53906,4.18478,0.264679,0.75,544.662292,1.836
1,1,0,A,76206.53906,76207.04688,-0.318363,0.400879,0.5079,425.242401,2.3516
1,1,1,A,76207.04688,76207.1875,3.925719,0.012083,0.1405,794.975769,1.2579
1,1,0,AB,76207.1875,76207.27344,1.381398,0,0.086,1542.257813,0.6484
1,1,1,A,76207.27344,76207.4375,4.369781,0.084448,0.164,4415.01123,0.2265
1,1,0,A,76207.4375,76208.60156,0.188026,0.783639,1.164,4000,0.25
1,1,1,A,76208.60156,76210.10938,3.72676,0.667547,1.508,753.012024,1.328
1,1,0,A,76210.10938,76222.39063,-0.411989,0.469092,12.281,374.251495,2.672
1,1,1,A,76222.39063,76222.71094,4.733399,0.336569,0.3205,72.521576,13.789
1,1,0,A,76222.71094,76225.38281,-0.103197,0.514102,2.672,79.355629,12.6015
1,1,1,A,76225.38281,76225.54688,4.090299,0.066621,0.164,334.168762,2.9925
1,1,0,A,76225.54688,76226.28125,-0.805701,0.547864,0.7342,352.609314,2.836
1,1,1,A,76226.28125,76226.42969,4.357794,0.037096,0.1483,1113.337769,0.8982
1,1,0,A,76226.42969,76227.29688,0.465938,0.543804,0.8675,1133.144531,0.8825
1,1,1,A,76227.29688,76228,5.754369,0.982506,0.703,984.44574,1.0158
1,1,0,A,76228,76234.03125,-0.398178,0.470565,6.0312,636.739868,1.5705
1,1,1,A,76234.03125,76234.29688,4.179482,0.222916,0.2658,148.495743,6.7342
1,1,0,A,76234.29688,76234.82813,0.122232,0.294469,0.5311,158.805786,6.297
1,1,1,A,76234.82813,76234.99219,3.798415,0.090339,0.1641,1254.862549,0.7969
1,1,0,A,76234.99219,76236.71094,0.150041,0.592695,1.7188,1438.434937,0.6952
1,1,1,AB,76236.71094,76236.82813,3.425654,0,0.1171,531.095642,1.8829
1,1,0,A,76236.82813,76239.71875,-0.018638,0.510721,2.8909,544.691956,1.8359
1,1,1,A,76239.71875,76239.89844,3.960864,0.117831,0.1795,332.446808,3.008
1,1,0,A,76239.89844,76242.07031,0.03887,0.50546,2.1717,325.69046,3.0704
1,1,1,A,76242.07031,76242.3125,4.26884,0.187032,0.2423,425.314728,2.3512
1,1,0,A,76242.3125,76242.46094,0.547189,0.019364,0.1485,414.250214,2.414
1,1,1,A,76242.46094,76242.65625,4.373999,0.191174,0.1952,2558.853516,0.3908
1,1,0,A,76242.65625,76261.85156,-0.015318,0.596393,19.195299,2909.51416,0.3437
1,1,1,A,76261.85156,76262.04688,5.070928,0.171188,0.1955,51.571648,19.390499
1,1,0,A,76262.04688,76263.02344,0.668215,0.452765,0.9765,51.570847,19.3908
1,1,1,A,76263.02344,76263.60156,5.425779,0.861128,0.578,853.24231,1.172
1,1,0,A,76263.60156,76265,-0.25793,0.535334,1.3985,643.29364,1.5545
1,1,1,A,76265,76265.14844,3.973377,0.027381,0.1485,505.944855,1.9765
1,1,0,A,76265.14844,76274.14063,-0.294795,0.556475,8.992,646.412415,1.547
1,1,1,A,76274.14063,76275.57031,4.317851,0.63787,1.4297,109.403206,9.1405
1,1,0,A,76275.57031,76279.6875,0.104492,0.515617,4.1173,95.953636,10.4217
1,1,1,A,76279.6875,76280.14844,4.149168,0.20375,0.461,180.277634,5.547
1,1,0,A,76280.14844,76282.10156,0.271093,0.515243,1.953,218.421692,4.5783
1,1,1,A,76282.10156,76282.71875,4.573827,0.183842,0.6175,414.250214,2.414
1,1,0,A,76282.71875,76286.10938,0.075747,0.614956,3.3905,389.029358,2.5705
1,1,1,A,76286.10938,76286.25781,4.349045,0.054639,0.1485,249.500992,4.008
1,1,0,A,76286.25781,76289.14844,0.227757,0.432778,2.8905,282.565704,3.539
1,1,1,A,76289.14844,76289.78906,3.985171,0.187098,0.6406,329.055603,3.039
1,1,0,A,76289.78906,76290.77344,-0.12207,0.416179,0.9844,283.197876,3.5311
1,1,1,A,76290.77344,76291,3.899323,0.120239,0.2265,615.384644,1.625
1,1,0,A,76291,76296.14063,0.272672,0.628791,5.1405,825.832031,1.2109
1,1,1,AB,76296.14063,76296.1875,2.360505,0,0.047,186.323837,5.367
1,1,0,A,76296.1875,76298.13281,-0.172142,0.565663,1.9455,192.771088,5.1875
1,1,1,A,76298.13281,76298.5625,4.149611,0.110546,0.4295,501.88205,1.9925
1,1,0,A,76298.5625,76301.02344,0.037985,0.384964,2.461,421.052643,2.375
1,1,1,AB,76301.02344,76301.04688,2.170878,0,0.0235,345.960907,2.8905
1,1,0,A,76301.04688,76305.42188,-0.154002,0.819895,4.375,402.495483,2.4845
1,1,1,A,76305.42188,76305.61719,4.367899,0.162076,0.1952,227.350235,4.3985
1,1,0,A,76305.61719,76308.39844,-0.185526,0.739969,2.7813,218.808807,4.5702
1,1,1,A,76308.39844,76308.57031,3.720098,0.046515,0.1717,335.965057,2.9765
1,1,0,A,76308.57031,76309.5,-0.020419,0.299076,0.9298,338.638672,2.953
1,1,1,A,76309.5,76309.67188,4.327071,0.077693,0.172,907.852905,1.1015
1,1,0,A,76309.67188,76312.59375,0.13499,0.703233,2.922,907.605713,1.1018
1,1,1,A,76312.59375,76312.72656,4.179365,0.004525,0.1325,323.206207,3.094
1,1,0,A,76312.72656,76318.39844,0.13515,0.52034,5.672,327.385834,3.0545
1,1,1,A,76318.39844,76319.10156,4.534768,0.471373,0.703,172.280121,5.8045
1,1,0,A,76319.10156,76320.46094,-0.375389,0.597013,1.3595,156.862747,6.375
1,1,1,A,76320.46094,76320.8125,4.938305,0.203031,0.3515,484.84848,2.0625
1,1,0,A,76320.8125,76322.25,0.282083,0.511029,1.4375,584.453552,1.711
1,1,1,A,76322.25,76323.35156,5.233825,0.522955,1.1015,558.971497,1.789
1,1,0,A,76323.35156,76324.57031,-0.149423,0.266579,1.2187,393.855835,2.539
1,1,1,A,76324.57031,76324.85938,4.784209,0.197892,0.2893,430.997314,2.3202
1,1,0,A,76324.85938,76327.32031,0.169877,0.604631,2.4607,663.129944,1.508
1,1,1,A,76327.32031,76327.59375,3.48127,0.128123,0.2738,363.636353,2.75
1,1,0,A,76327.59375,76329.46875,-0.268604,0.549506,1.875,365.697571,2.7345
1,1,1,A,76329.46875,76329.63281,3.936768,0.072013,0.164,465.376038,2.1488
1,1,0,A,76329.63281,76331.02344,-0.294199,0.323872,1.3905,490.436493,2.039
1,1,1,A,76331.02344,76331.35938,4.466028,0.679673,0.336,643.29364,1.5545
1,1,0,A,76331.35938,76333.53906,-0.004344,0.664225,2.1796,579.206482,1.7265
1,1,1,A,76333.53906,76335.3125,4.332075,0.567805,1.7734,397.51947,2.5156
1,1,0,A,76335.3125,76336.95313,0.665712,0.585614,1.6406,252.972427,3.953
1,1,1,AB,76336.95313,76337.0625,3.265841,0,0.1094,292.91153,3.414
1,1,0,A,76337.0625,76339.00781,0.040769,0.526201,1.9455,571.428589,1.75
1,1,1,A,76339.00781,76339.27344,4.98552,0.287043,0.2655,486.641693,2.0549
1,1,0,A,76339.27344,76339.92188,0.655679,0.383443,0.6485,452.284027,2.211
1,1,1,AB,76339.92188,76340.00781,2.855802,0,0.086,1094.091919,0.914
1,1,0,A,76340.00781,76340.75781,-0.292749,0.294703,0.75,1361.470337,0.7345
1,1,1,A,76340.75781,76341.10156,3.351528,0.676541,0.3435,1196.172241,0.836
1,1,0,A,76341.10156,76342.24219,0.331773,0.566401,1.1407,914.494751,1.0935
1,1,1,A,76342.24219,76342.60156,3.414492,0.207611,0.3593,673.763672,1.4842
1,1,0,A,76342.60156,76343.29688,-0.204769,0.405068,0.6955,666.666687,1.5
1,1,1,A,76343.29688,76343.5,4.64771,0.16903,0.203,948.046997,1.0548
1,1,0,A,76343.5,76349.54688,-0.209142,0.689217,6.047,1112.966064,0.8985
1,1,1,A,76349.54688,76350.54688,4.697856,0.481484,1,160,6.25
1,1,0,A,76350.54688,76352.67969,-0.404528,0.483179,2.1325,141.904358,7.047
1,1,1,AB,76352.67969,76352.78125,2.530197,0,0.1017,319.233826,3.1325
1,1,0,A,76352.78125,76355.75,-0.115417,0.501073,2.9688,447.587494,2.2342
1,1,1,AB,76355.75,76355.82031,2.671152,0,0.0702,325.679871,3.0705
1,1,0,A,76355.82031,76360.54688,-0.139431,0.517816,4.7268,329.055603,3.039
1,1,1,AB,76360.54688,76360.63281,2.824546,0,0.086,208.463623,4.797
1,1,0,A,76360.63281,76367.5,-0.427876,0.586764,6.867,207.779251,4.8128
1,1,1,A,76367.5,76368.03906,4.111868,0.90917,0.5391,143.822815,6.953
1,1,0,A,76368.03906,76370.42188,-0.420802,0.682881,2.3829,135.023834,7.4061
1,1,1,A,76370.42188,76370.78906,4.447352,0.285374,0.3671,342.231354,2.922
1,1,0,A,76370.78906,76372.64844,-0.347394,0.820524,1.8594,363.636353,2.75
1,1,1,A,76372.64844,76373.38281,4.346133,0.231161,0.7345,449.135406,2.2265
1,1,0,A,76373.38281,76375.89063,-0.409474,0.549832,2.5075,385.519867,2.5939
1,1,1,A,76375.89063,76376.02344,3.65919,0,0.133,308.451569,3.242
1,1,0,A,76376.02344,76382.46875,-0.920405,0.411922,6.4455,378.716156,2.6405
1,1,1,A,76382.46875,76382.63281,3.274381,0.130016,0.164,152.01033,6.5785
1,1,0,A,76382.63281,76383.11719,-0.435788,0.23251,0.4842,151.297379,6.6095
1,1,1,A,76383.11719,76383.39063,3.66539,0.396056,0.2733,1542.733765,0.6482
1,1,0,A,76383.39063,76408.50781,-0.384411,0.566075,25.1175,1320.131958,0.7575
1,1,1,AB,76408.50781,76408.63281,3.162424,0,0.125,39.384342,25.3908
1,1,0,A,76408.63281,76408.78906,-0.101509,0.077156,0.1561,39.615726,25.2425
1,1,1,AB,76408.78906,76408.85156,2.46523,0,0.0624,3557.452881,0.2811
1,1,0,A,76408.85156,76414.53125,-0.100603,0.568628,5.6797,4576.65918,0.2185
1,1,1,A,76414.53125,76418.32813,3.719807,0.607382,3.7969,174.152313,5.7421
1,1,0,A,76418.32813,76421.67969,-0.328573,0.52948,3.3514,105.523079,9.4766
1,1,1,AB,76421.67969,76421.71875,2.230201,0,0.0395,139.893402,7.1483
1,1,0,A,76421.71875,76421.95313,-0.362872,0.289456,0.2341,294.906952,3.3909
1,1,1,A,76421.95313,76422.13281,3.444082,0.052097,0.1799,3654.970703,0.2736
1,1,0,A,76422.13281,76428.74219,-0.304058,0.524273,6.6092,2415.458984,0.414
1,1,1,A,76428.74219,76430.14063,3.27655,0.813007,1.3983,147.294922,6.7891
1,1,0,AB,76430.14063,76430.17969,2.025645,0,0.039,124.882919,8.0075
1,1,1,A,76430.17969,76430.60938,2.438789,0.214037,0.43,695.748962,1.4373
1,1,0,AB,76430.60938,76430.71094,1.653123,0,0.1015,2132.196045,0.469
1,1,1,A,76430.71094,76432.28906,3.476648,0.419679,1.5781,1881.467529,0.5315
1,1,1,A,136172.75,136183.4219,3.535455,0.525837,10.672,N/A,Not found
1,1,0,A,136183.4219,136183.6875,0.130671,0.16535,0.2655,N/A,Not found
1,1,1,A,136183.6875,136185.9375,4.463664,0.619348,2.25,91.428574,10.9375
1,1,0,A,136185.9375,136198.0625,-0.074654,0.367187,12.125,397.535278,2.5155
1,1,1,A,136198.0625,136198.5156,4.584743,0.377977,0.453,69.565216,14.375
1,1,0,A,136198.5156,136203,-0.272456,0.411208,4.4845,79.503899,12.578
1,1,1,AB,136203,136203.0469,2.296466,0,0.047,202.531647,4.9375
1,1,0,A,136203.0469,136220.1563,-0.363345,0.259946,17.1092,220.677475,4.5315
1,1,1,A,136220.1563,136220.4375,3.960153,0.247382,0.2813,58.287968,17.1562
1,1,0,A,136220.4375,136224.5625,-0.035923,0.331482,4.125,57.502659,17.390499
1,1,1,A,136224.5625,136224.8438,4.260843,0.289046,0.2815,226.947784,4.4063
1,1,0,A,136224.8438,136232.9844,0.021726,0.486335,8.1405,226.937485,4.4065
1,1,1,AB,136232.9844,136233.0625,2.619955,0,0.078,118.736641,8.422
1,1,0,A,136233.0625,136255.8438,-0.010032,0.412537,22.7815,121.676704,8.2185
1,1,1,A,136255.8438,136256.3438,4.505806,0.464082,0.5,43.745487,22.859501
1,1,0,A,136256.3438,136275.3906,-0.047358,0.38364,19.046499,42.95256,23.2815
1,1,1,A,136275.3906,136275.8906,4.520514,0.266381,0.5,51.160053,19.546499
1,1,0,A,136275.8906,136283.8125,-0.106177,0.437738,7.922,51.160053,19.546499
1,1,1,A,136283.8125,136285.0156,4.409983,0.360336,1.203,118.736641,8.422
1,1,0,A,136285.0156,136297.9219,0.093477,0.417159,12.9065,109.589043,9.125
1,1,1,A,136297.9219,136298.4063,4.708763,0.211908,0.4842,70.874237,14.1095
1,1,0,A,136298.4063,136304.4844,-0.173318,0.452112,6.0783,74.678696,13.3907
1,1,1,A,136304.4844,136305.9375,4.869013,0.412056,1.453,152.380951,6.5625
1,1,0,A,136305.9375,136314.375,-0.066601,0.366881,8.4375,132.779205,7.5313
1,1,1,A,136314.375,136314.5,4.076066,0,0.125,101.107124,9.8905
1,1,0,A,136314.5,136321.1563,-0.024832,0.46422,6.6562,116.788322,8.5625
1,1,1,AB,136321.1563,136321.2031,2.310863,0,0.0469,147.466522,6.7812
1,1,0,A,136321.2031,136322.5313,-0.412971,0.207478,1.3281,149.184708,6.7031
1,1,1,AB,136322.5313,136322.6406,3.168527,0,0.1093,727.272705,1.375
1,1,0,A,136322.6406,136329.0156,-0.169701,0.389388,6.375,695.700562,1.4374
1,1,1,A,136329.0156,136329.2031,3.954291,0.110398,0.1876,154.218658,6.4843
1,1,0,A,136329.2031,136354.4063,-0.316199,0.314734,25.2031,152.378632,6.5626
1,1,1,A,136354.4063,136354.7188,4.009073,0.128459,0.3128,39.384499,25.390699
1,1,0,A,136354.7188,136362,-0.269495,0.324864,7.281,39.19125,25.5159
1,1,1,A,136362,136362.125,3.557417,0,0.125,131.686371,7.5938
1,1,0,A,136362.125,136376.6875,0.136079,0.438493,14.5625,135.02565,7.406
1,1,1,A,136376.6875,136376.875,3.421862,0.277394,0.1875,68.085106,14.6875
1,1,0,A,136376.875,136378.3438,0.104678,0.592076,1.469,67.796608,14.75
1,1,1,A,136378.3438,136379.1563,4.83844,0.38965,0.8122,603.682434,1.6565
1,1,0,A,136379.1563,136381.3438,0.078669,0.384967,2.1878,438.365784,2.2812
1,1,1,AB,136381.3438,136381.4375,2.630119,0,0.0935,333.333344,3
1,1,0,AB,136381.4375,136381.5313,1.023593,0,0.0937,438.346558,2.2813
1,1,1,A,136381.5313,136382.0625,4.44637,0.377749,0.5313,5341.880371,0.1872
1,1,0,A,136382.0625,136384.0781,0.300183,0.431017,2.0156,1600,0.625
1,1,1,A,136384.0781,136384.4219,3.926957,0.149584,0.3439,392.634186,2.5469
1,1,0,A,136384.4219,136385.9063,-0.199791,0.384977,1.4842,423.818604,2.3595
1,1,1,A,136385.9063,136386.2344,4.684977,0.119182,0.3283,547.016052,1.8281
1,1,0,A,136386.2344,136410.9844,0.012003,0.349611,24.75,551.724121,1.8125
1,1,1,A,136410.9844,136411.125,3.620255,0.00239,0.1405,39.875111,25.0783
1,1,0,A,136411.125,136421.2188,0.034527,0.299475,10.094,40.175972,24.890499
1,1,1,A,136421.2188,136421.7344,4.610745,0.627228,0.5155,97.708733,10.2345
1,1,0,A,136421.7344,136433.3438,0.174683,0.547486,11.6095,94.25515,10.6095
1,1,1,A,136433.3438,136433.8281,4.609122,0.258331,0.4841,82.474228,12.125
1,1,0,A,136433.8281,136447.5156,-0.062386,0.390705,13.6874,82.688362,12.0936
1,1,1,A,136447.5156,136447.6875,4.026814,0.100218,0.172,70.564163,14.1715
1,1,0,A,136447.6875,136464.2969,0.069825,0.404911,16.609501,72.153198,13.8594
1,1,1,A,136464.2969,136464.6875,4.849817,0.244291,0.3905,59.589428,16.7815
1,1,0,A,136464.6875,136468.2344,0.125667,0.470054,3.547,58.823528,17
1,1,1,A,136468.2344,136469,4.860814,0.507566,0.7655,253.968246,3.9375
1,1,0,A,136469,136483.9531,0.058779,0.494534,14.9531,231.884064,4.3125
1,1,1,AB,136483.9531,136484.0625,3.434568,0,0.1094,63.618896,15.7186
1,1,0,A,136484.0625,136491.5469,-0.088066,0.42099,7.4845,66.390045,15.0625
1,1,1,AB,136491.5469,136491.5625,2.045132,0,0.0155,131.684647,7.5939
1,1,0,A,136491.5625,136500.0625,0.103991,0.41879,8.5,133.333328,7.5
1,1,1,A,136500.0625,136501.6875,3.771594,0.498394,1.625,117.432915,8.5155
1,1,0,A,136501.6875,136528.9844,0.06268,0.38132,27.297001,98.765434,10.125
1,1,1,A,136528.9844,136529.3125,4.310415,0.212575,0.328,34.575756,28.922001
1,1,0,A,136529.3125,136549,0.092636,0.466654,19.6875,36.199097,27.625
1,1,1,AB,136549,136549.0625,2.627138,0,0.0625,49.961281,20.015499
1,1,0,A,136549.0625,136556.7813,-0.210908,0.419098,7.7187,50.632912,19.75
1,1,1,A,136556.7813,136557.25,4.429921,0.150469,0.4688,128.514877,7.7812
1,1,0,A,136557.25,136558.8906,0.035435,0.356437,1.6405,122.137405,8.1875
1,1,1,A,136558.8906,136559.5938,5.054268,0.33152,0.7035,474.090942,2.1093
1,1,0,A,136559.5938,136563.0938,0.180512,0.306351,3.5,426.621155,2.344
1,1,1,A,136563.0938,136563.2813,4.153452,0.120183,0.1872,237.896988,4.2035
1,1,0,A,136563.2813,136587.375,-0.079146,0.386273,24.0938,271.208496,3.6872
1,1,1,A,136587.375,136587.6094,4.806318,0.275674,0.2345,41.184464,24.281
1,1,0,A,136587.6094,136601.2813,0.071303,0.359729,13.6717,41.104393,24.3283
1,1,1,A,136601.2813,136601.6875,4.795661,0.260595,0.4063,71.91037,13.9062
1,1,0,A,136601.6875,136608.375,0.157052,0.414896,6.6875,71.032814,14.078
1,1,1,A,136608.375,136608.7656,5.315058,0.288586,0.3905,140.96817,7.0938
1,1,0,A,136608.7656,136612.5469,0.352364,0.400782,3.7815,141.282852,7.078
1,1,1,A,136612.5469,136615.4219,4.007388,0.420526,2.875,239.693192,4.172
1,1,0,A,136615.4219,136694.4063,0.16595,0.480947,78.9842,150.229095,6.6565
1,1,1,A,136694.4063,136694.5625,3.986503,0.097963,0.1563,12.216098,81.8592
1,1,1,A,395383.5938,395383.9375,3.955086,0.222932,0.3435,N/A,Not found
1,1,0,A,395383.9375,395430.5,0.079513,0.366832,46.5625,N/A,Not found
1,1,1,AB,395430.5,395430.625,3.401658,0,0.125,21.319235,46.905998
1,1,0,A,395430.625,395434.1563,0.045932,0.329684,3.5312,21.41901,46.6875
1,1,1,A,395434.1563,395434.4688,4.318367,0.12754,0.3128,273.508026,3.6562
1,1,0,A,395434.4688,395449,0.008265,0.323034,14.531,260.145691,3.844
1,1,1,A,395449,395449.2188,3.508934,0.052897,0.219,67.368195,14.8438
1,1,0,A,395449.2188,395451.3438,-0.110887,0.320946,2.125,67.796608,14.75
1,1,1,A,395451.3438,395451.4688,3.030025,0,0.125,426.621155,2.344
1,1,0,A,395451.4688,395451.5938,0.62673,0,0.125,444.444458,2.25
1,1,1,A,395451.5938,395451.7188,3.510365,0,0.125,4000,0.25
1,1,0,A,395451.7188,395463.375,0.043375,0.357885,11.656,4000,0.25
1,1,1,AB,395463.375,395463.4375,2.860986,0,0.0625,84.882439,11.781
1,1,0,A,395463.4375,395491.1563,-0.10421,0.363868,27.7187,85.335152,11.7185
1,1,1,A,395491.1563,395491.4375,4.722941,0.270475,0.2813,35.995564,27.7812
1,1,0,A,395491.4375,395494.875,0.06644,0.373325,3.4375,35.714287,28
1,1,1,A,395494.875,395495.0313,3.880444,0.010706,0.1562,268.903961,3.7188
1,1,0,A,395495.0313,395522.2188,-0.003988,0.339591,27.187799,278.26474,3.5937
1,1,1,AB,395522.2188,395522.3125,2.58133,0,0.0935,36.571095,27.344
1,1,0,A,395522.3125,395532.75,0.032947,0.261835,10.4375,36.655144,27.2813
1,1,1,A,395532.75,395533.0938,4.033208,0.096943,0.344,94.957741,10.531
1,1,0,A,395533.0938,395540.6875,-0.000462,0.268363,7.5935,92.751472,10.7815
1,1,1,A,395540.6875,395540.8438,4.168587,0.136199,0.1565,125.984253,7.9375
1,1,0,A,395540.8438,395551.75,-0.036748,0.287698,10.906,129.032257,7.75
1,1,1,AB,395551.75,395551.875,3.123135,0,0.125,90.395477,11.0625
1,1,0,A,395551.875,395556.25,0.214325,0.355981,4.375,90.65361,11.031
1,1,1,A,395556.25,395556.4688,4.452445,0.2619,0.219,222.222229,4.5
1,1,0,A,395556.4688,395566.6875,-0.00115,0.313503,10.2185,217.675232,4.594
1,1,1,AB,395566.6875,395566.7813,2.996639,0,0.0937,95.80838,10.4375
1,1,0,A,395566.7813,395567.4688,0.01914,0.178944,0.6878,96.972519,10.3122
1,1,1,A,395567.4688,395567.625,4.20789,0.063804,0.156,1279.590576,0.7815
1,1,0,A,395567.625,395580.6563,0.075943,0.305676,13.0312,1185.11499,0.8438
1,1,1,A,395580.6563,395580.8438,4.14729,0.096781,0.1878,75.831108,13.1872
1,1,0,A,395580.8438,395584.9063,0.002266,0.405314,4.0622,75.648689,13.219
1,1,1,AB,395584.9063,395584.9375,2.322281,0,0.0313,235.294113,4.25
1,1,0,A,395584.9375,395610.125,0.05613,0.3617,25.1875,244.289734,4.0935
1,1,1,A,395610.125,395610.2813,4.10053,0.045431,0.1562,39.652958,25.2188
1,1,0,A,395610.2813,395620.4688,0.132832,0.350771,10.1878,39.457539,25.3437
1,1,1,A,395620.4688,395624.0938,3.612659,0.56762,3.625,96.6744,10.344
1,1,0,A,395624.0938,395625.875,-0.086993,0.276276,1.781,72.396614,13.8128
1,1,1,A,395625.875,395626.3125,4.674206,0.438617,0.4375,184.979645,5.406
1,1,0,A,395626.3125,395627.5,0.18258,0.30234,1.1875,450.755005,2.2185
1,1,1,A,395627.5,395627.7188,4.539186,0.152296,0.219,615.384644,1.625
1,1,0,A,395627.7188,395631.9063,-0.024116,0.3183,4.1872,710.984741,1.4065
1,1,1,A,395631.9063,395632.6875,4.416536,0.346015,0.7813,226.952927,4.4062
1,1,0,A,395632.6875,395634.6563,0.301175,0.345177,1.9687,201.26799,4.9685
1,1,1,AB,395634.6563,395634.75,2.935178,0,0.0938,363.636353,2.75
1,1,0,A,395634.75,395637.2813,0.136046,0.249387,2.5312,484.84848,2.0625
1,1,1,A,395637.2813,395637.5625,4.540795,0.525079,0.2813,380.952393,2.625
1,1,0,A,395637.5625,395653.4375,-0.082345,0.331784,15.875,355.555542,2.8125
1,1,1,AB,395653.4375,395653.5,2.401182,0,0.0625,61.895359,16.1563
1,1,0,A,395653.5,395658.25,0.093247,0.441537,4.75,62.745098,15.9375
1,1,1,AB,395658.25,395658.375,3.382329,0,0.125,207.792206,4.8125
1,1,0,A,395658.375,395684.5,-0.055615,0.358224,26.125,205.128204,4.875
1,1,1,A,395684.5,395684.875,4.197118,0.129441,0.375,38.095238,26.25
1,1,0,A,395684.875,395701.7813,0.025848,0.419136,16.9062,37.735847,26.5
1,1,1,A,395701.7813,395701.9375,2.39163,0.007611,0.1563,57.866352,17.2812
1,1,0,A,395701.9375,395702.1875,1.440353,0.108849,0.25,58.608059,17.0625
1,1,1,A,395702.1875,395702.5625,2.768042,0.264756,0.375,2461.235596,0.4063
1,1,0,A,395702.5625,395702.8438,0.991249,0.136329,0.2815,1600,0.625
1,1,1,AB,395702.8438,395702.875,2.091936,0,0.031,1523.229248,0.6565
1,1,0,A,395702.875,395722.9688,0.090687,0.416973,20.094,3200,0.3125
1,1,1,AB,395722.9688,395723.0313,2.372268,0,0.0622,49.689442,20.125
1,1,0,A,395723.0313,395723.875,0.175875,0.183833,0.8438,49.612526,20.1562
1,1,1,A,395723.875,395724.0313,3.465738,0.025159,0.1562,1103.752808,0.906
1,1,0,A,395724.0313,395727.7188,0.044671,0.375594,3.6878,1000,1
1,1,1,A,395727.7188,395727.875,4.082629,0.048527,0.156,260.145691,3.844
1,1,0,A,395727.875,395729.4688,0.159038,0.462217,1.594,260.15921,3.8438
1,1,1,A,395729.4688,395730.875,4.33454,0.230951,1.406,571.428589,1.75
1,1,0,A,395730.875,395731.75,0.402706,0.220637,0.875,333.333344,3
1,1,1,A,395731.75,395732.0313,3.130255,0.391857,0.2812,438.404205,2.281
1,1,0,A,395732.0313,395753.375,0.437473,0.439935,21.3438,864.902283,1.1562
1,1,1,AB,395753.375,395753.5,3.465171,0,0.125,46.242775,21.625
1,1,0,A,395753.5,395756.3125,0.780874,0.579685,2.8125,46.579224,21.4688
1,1,1,AB,395756.3125,395756.4063,2.360289,0,0.0937,340.425537,2.9375
1,1,0,A,395756.4063,395757.0938,1.566018,0.280819,0.6878,344.091949,2.9062
1,1,1,AB,395757.0938,395757.1563,2.158451,0,0.0622,1279.590576,0.7815
1,1,0,A,395757.1563,395757.9063,1.463934,0.353376,0.75,1333.333374,0.75
1,1,1,A,395757.9063,395758.0625,2.419022,0.022165,0.1563,1231.223877,0.8122
1,1,0,A,395758.0625,395758.1875,1.480566,0.005777,0.125,1103.387451,0.9063
1,1,1,A,395758.1875,395758.375,2.560402,0.049452,0.1875,3554.923584,0.2813
1,1,0,AB,395758.375,395758.5,1.872489,0,0.125,3200,0.3125
1,1,1,A,395758.5,395758.75,2.182598,0.049102,0.25,3200,0.3125
1,1,0,A,395758.75,395758.9063,1.262396,0.103185,0.1562,2666.666748,0.375
1,1,1,A,395758.9063,395759.8125,3.126597,0.618568,0.9063,2461.841553,0.4062
1,1,0,A,395759.8125,395768.25,0.351366,0.570126,8.4375,941.176453,1.0625
1,1,1,AB,395768.25,395768.375,3.454747,0,0.125,107.022842,9.3438
1,1,0,A,395768.375,395777.75,0.024218,0.374181,9.375,116.788322,8.5625
1,1,1,A,395777.75,395778.5,4.244914,0.470328,0.75,105.263161,9.5
1,1,0,A,395778.5,395781.3438,0.128194,0.420514,2.844,98.765434,10.125
1,1,1,A,395781.3438,395781.5938,4.37177,0.147445,0.25,278.241516,3.594
1,1,0,A,395781.5938,395781.875,0.343832,0.035263,0.281,323.206207,3.094
1,1,1,A,395781.875,395783,4.686559,0.259324,1.125,1883.239136,0.531
1,1,0,A,395783,395789.75,0.1761,0.312806,6.75,711.237549,1.406
1,1,1,A,395789.75,395791.375,3.956779,0.44418,1.625,126.984123,7.875
1,1,0,A,395791.375,395801.4063,0.027888,0.361237,10.0312,119.402985,8.375
1,1,1,A,395801.4063,395801.5938,4.118151,0.109533,0.1878,85.791252,11.6562
1,1,0,A,395801.5938,395801.9688,0.258726,0.105008,0.375,97.856934,10.219
1,1,1,A,395801.9688,395802.1563,4.005376,0.06886,0.1872,1776.830078,0.5628
1,1,0,A,395802.1563,395806.625,0.282209,0.335389,4.4688,1778.72644,0.5622
1,1,1,A,395806.625,395806.7813,4.147991,0.055872,0.1562,214.776627,4.656
1,1,0,A,395806.7813,395809.2813,0.350166,0.34955,2.5,216.216217,4.625
1,1,1,AB,395809.2813,395809.4063,3.928665,0,0.125,376.477661,2.6562
1,1,0,A,395809.4063,395816.3125,0.389368,0.322267,6.9063,380.952393,2.625
1,1,1,A,395816.3125,395816.4375,3.676888,0,0.125,142.221207,7.0313
1,1,0,A,395816.4375,395835,0.064851,0.342958,18.5625,142.221207,7.0313
1,1,1,A,395835,395835.1875,4.043502,0.302662,0.1875,53.511707,18.6875
1,1,0,A,395835.1875,395836,0.544782,0.189124,0.8125,53.333332,18.75
1,1,1,A,395836,395836.1875,3.939643,0.076324,0.1875,1000,1
1,1,0,A,395836.1875,395849.8125,0.170413,0.297496,13.625,1000,1
1,1,1,A,395849.8125,395850.3125,4.268095,0.494427,0.5,72.398193,13.8125
1,1,0,A,395850.3125,395883.875,0.080804,0.388994,33.5625,70.796463,14.125
1,1,1,A,395883.875,395884.0313,3.180844,0.0007,0.1562,29.357798,34.0625
1,1,0,A,395884.0313,395893.1563,0.039932,0.280674,9.125,29.657133,33.7187
1,1,1,AB,395893.1563,395893.2813,3.278316,0,0.125,107.74469,9.2812
1,1,0,A,395893.2813,395896.0938,-0.051575,0.418906,2.8128,108.108109,9.25
1,1,1,A,395896.0938,395896.375,3.678897,0.31369,0.281,340.390778,2.9378
1,1,0,A,395896.375,395943.8125,0.008833,0.370669,47.4375,323.227112,3.0938
1,1,1,A,395943.8125,395944,4.012503,0.097169,0.1875,20.956232,47.718498
1,1,0,A,395944,395946.75,0.178171,0.407003,2.75,20.997375,47.625
1,1,1,A,395946.75,395947,3.856567,0.155818,0.25,340.425537,2.9375
1,1,0,A,395947,395950.5313,0.154262,0.42499,3.5312,333.333344,3
1,1,1,A,395950.5313,395950.6875,3.425044,0.022197,0.1563,264.466309,3.7812
1,1,0,A,395950.6875,395966.7188,-0.010445,0.311366,16.0315,271.186432,3.6875
1,1,1,A,395966.7188,395966.9063,4.144394,0.103414,0.1872,61.774918,16.187799
1,1,0,A,395966.9063,395971.7813,-0.136058,0.427423,4.875,61.657223,16.2187
1,1,1,AB,395971.7813,395971.875,3.069614,0,0.0938,197.542572,5.0622
1,1,0,A,395971.875,395989.2813,0.024354,0.387353,17.4062,201.255829,4.9688
1,1,1,A,395989.2813,395989.4375,3.890976,0.072499,0.1563,57.142857,17.5
1,1,0,A,395989.4375,396001.0313,-0.154395,0.300829,11.5937,56.939503,17.5625
1,1,1,A,396001.0313,396001.1875,4.131266,0.029435,0.1563,85.106384,11.75
1,1,0,A,396001.1875,396008.375,-0.164214,0.235421,7.1875,85.106384,11.75
1,1,1,A,396008.375,396009.125,4.219672,0.201027,0.75,136.169281,7.3438
1,1,0,A,396009.125,396010.0625,-0.09992,0.209652,0.9375,125.984253,7.9375
1,1,1,A,396010.0625,396010.375,3.818733,0.292185,0.3125,592.59259,1.6875
1,1,0,A,396010.375,396014.0313,0.022339,0.292225,3.6562,800,1.25
1,1,1,AB,396014.0313,396014.0313,2.120088,0,0,251.97168,3.9687
1,1,0,A,396014.0313,396019.8438,-0.037612,0.273654,5.8128,273.508026,3.6562
1,1,1,AB,396019.8438,396019.9063,2.369302,0,0.0622,172.034134,5.8128
1,1,0,A,396019.9063,396032.4688,-0.139082,0.26572,12.5628,170.212769,5.875
1,1,1,A,396032.4688,396032.6563,4.349184,0.124602,0.1872,79.207924,12.625
1,1,0,A,396032.6563,396045.1563,-0.092364,0.293013,12.5,78.431374,12.75
1,1,1,A,396045.1563,396045.4688,4.075654,0.214765,0.3128,78.819595,12.6872
1,1,0,A,396045.4688,396047.4375,0.225043,0.283853,1.9685,78.046951,12.8128
1,1,1,A,396047.4375,396047.875,4.438615,0.121852,0.4375,438.346558,2.2813
1,1,0,A,396047.875,396048.1875,-0.103514,0.149553,0.3125,415.627594,2.406
1,1,1,AB,396048.1875,396048.3125,3.132134,0,0.125,1333.333374,0.75
1,1,0,A,396048.3125,396070.6563,0.070121,0.323606,22.3437,2285.714355,0.4375
1,1,1,A,396070.6563,396070.9375,4.61655,0.236799,0.2813,44.506359,22.4687
1,1,0,A,396070.9375,396077.5,-0.0348,0.407202,6.5625,44.198895,22.625
1,1,1,A,396077.5,396077.8438,4.433002,0.396653,0.344,146.117661,6.8438
1,1,0,A,396077.8438,396108.9688,0.018304,0.335038,31.125,144.791138,6.9065
1,1,1,A,396108.9688,396109.1563,4.009496,0.164338,0.1872,31.777304,31.469
1,1,0,A,396109.1563,396110.625,-0.111295,0.273353,1.4688,31.936434,31.312201
1,1,1,AB,396110.625,396110.6563,2.287004,0,0.0312,603.864746,1.656
1,1,0,A,396110.6563,396129.0938,-0.004723,0.333494,18.437799,666.666687,1.5
1,1,1,AB,396129.0938,396129.1875,2.6698,0,0.0935,54.144783,18.469
1,1,0,A,396129.1875,396129.9688,0.187661,0.164713,0.7815,53.962753,18.5313
1,1,1,AB,396129.9688,396130.0313,2.289442,0,0.0622,1142.857178,0.875
1,1,0,A,396130.0313,396174.1563,0.057075,0.35418,44.125,1185.255371,0.8437
1,1,1,A,396174.1563,396174.375,3.448,0.226184,0.2188,22.630989,44.187199
1,1,0,A,396174.375,396228.7813,-0.02682,0.279375,54.4062,22.551067,44.3438
1,1,1,A,396228.7813,396228.9688,4.414102,0.165916,0.1878,18.306637,54.625
1,1,0,A,396228.9688,396231.625,0.023606,0.302007,2.656,18.317032,54.594002
1,1,1,A,396231.625,396231.8125,4.75836,0.245874,0.1875,351.642181,2.8438
1,1,0,A,396231.8125,396243.8438,0.003655,0.345506,12.0315,351.67926,2.8435
1,1,1,AB,396243.8438,396243.9063,2.919617,0,0.0622,81.83976,12.219
1,1,0,A,396243.9063,396262.8438,0.136894,0.385203,18.937799,82.687683,12.0937
1,1,1,A,396262.8438,396263.3438,4.112589,0.334516,0.5,52.63158,19
1,1,0,A,396263.3438,396265.125,-0.037342,0.383635,1.781,51.446152,19.437799
1,1,1,A,396265.125,396265.25,3.553985,0,0.125,438.404205,2.281
1,1,0,A,396265.25,396271.25,-0.180565,0.374993,6,524.658997,1.906
1,1,1,A,396271.25,396271.375,3.169869,0,0.125,163.265305,6.125
1,1,0,A,396271.375,396278.625,0.046976,0.362251,7.25,163.265305,6.125
1,1,1,A,396278.625,396278.8125,4.258781,0.104585,0.1875,135.593216,7.375
1,1,0,A,396278.8125,396309.8438,0.085087,0.362364,31.0315,134.453781,7.4375
1,1,1,AB,396309.8438,396309.9375,3.294467,0,0.0935,32.031776,31.219
1,1,0,A,396309.9375,396312.1875,0.01047,0.219381,2.25,32.128513,31.125
1,1,1,AB,396312.1875,396312.2188,2.140256,0,0.0315,426.712189,2.3435
1,1,0,A,396312.2188,396319.8125,0.232883,0.322865,7.5935,438.308136,2.2815
1,1,1,A,396319.8125,396320.7813,4.215682,0.318623,0.9687,131.147537,7.625
1,1,0,A,396320.7813,396331.9375,-0.119536,0.343374,11.1563,116.792412,8.5622
1,1,1,A,396331.9375,396332.0938,4.125957,0.052463,0.1565,82.474228,12.125
1,1,0,A,396332.0938,396343.5625,0.076298,0.3864,11.4685,88.395447,11.3128
1,1,1,A,396343.5625,396344,4.53832,0.319256,0.4375,86.021507,11.625
1,1,0,A,396344,396352.7188,-0.313841,0.330358,8.719,83.991264,11.906
1,1,1,AB,396352.7188,396352.8438,3.457255,0,0.125,109.212036,9.1565
1,1,0,A,396352.8438,396359.1563,-0.002362,0.297557,6.3122,113.071007,8.844
1,1,1,AB,396359.1563,396359.25,3.032897,0,0.0938,155.347046,6.4372
1,1,0,A,396359.25,396361.6563,-0.031722,0.28412,2.4062,156.103653,6.406
1,1,1,A,396361.6563,396362.25,4.92018,0.396973,0.5938,400,2.5
1,1,0,A,396362.25,396444.5313,-0.028019,0.367279,82.281197,333.333344,3
1,1,1,A,396444.5313,396444.8125,3.93282,0.201988,0.2813,12.066365,82.875
1,1,0,A,396444.8125,396457.4375,0.10589,0.332841,12.625,12.112037,82.5625
1,1,1,AB,396457.4375,396457.5625,3.032093,0,0.125,77.481537,12.9063
1,1,0,A,396457.5625,396467.1563,0.063843,0.386914,9.5937,78.431374,12.75
1,1,1,A,396467.1563,396468.3125,3.972251,0.629026,1.1563,102.894417,9.7187
1,1,0,A,396468.3125,396468.5,0.063357,0.076137,0.1875,93.023254,10.75
1,1,1,A,396468.5,396468.7813,3.91899,0.283013,0.2812,744.158386,1.3438
1,1,0,A,396468.7813,396476.3438,0.146846,0.42116,7.5628,2133.560791,0.4687
1,1,1,A,396476.3438,396476.6563,4.176619,0.244153,0.3122,127.485977,7.844
1,1,0,A,396476.6563,396501.875,0.060514,0.327678,25.2188,126.984123,7.875
1,1,1,A,396501.875,396502.1563,5.434341,0.483935,0.2812,39.168072,25.531
1,1,0,A,396502.1563,396511.2813,0.007373,0.293112,9.125,39.215687,25.5
1,1,1,A,396511.2813,396511.5,4.195596,0.132338,0.2188,106.312859,9.4062
1,1,0,A,396511.5,396513,-0.19337,0.205639,1.5,107.022842,9.3438
1,1,1,A,396513,396513.3125,4.349205,0.140237,0.3125,581.80127,1.7188
1,1,0,A,396513.3125,396514.2188,0.047454,0.200316,0.9065,551.724121,1.8125
1,1,1,A,396514.2188,396514.375,3.447358,0,0.156,820.344543,1.219
1,1,0,A,396514.375,396518,-0.040021,0.358753,3.625,941.176453,1.0625
1,1,1,A,396518,396519.5938,4.313123,0.651832,1.594,264.480286,3.781
1,1,0,A,396519.5938,396522.9375,0.105558,0.411025,3.3435,191.60759,5.219
1,1,1,A,396522.9375,396523.5625,3.895319,0.388311,0.625,202.531647,4.9375
1,1,0,AB,396523.5625,396523.6563,0.911285,0,0.0937,251.984375,3.9685
1,1,1,A,396523.6563,396523.9063,3.968459,0.131942,0.25,1391.401123,0.7187
1,1,0,A,396523.9063,396540.7813,-0.026115,0.40631,16.875,2909.51416,0.3437
1,1,1,A,396540.7813,396541.1563,4.688689,0.105577,0.375,58.394161,17.125
1,1,0,A,396541.1563,396545.7188,0.251574,0.30921,4.5628,57.971016,17.25
1,1,1,AB,396545.7188,396545.7813,2.612454,0,0.0622,202.519348,4.9378
1,1,0,A,396545.7813,396549.8125,0.080038,0.357973,4.0313,216.216217,4.625
1,1,1,A,396549.8125,396549.9688,4.307534,0.054145,0.1565,244.289734,4.0935
1,1,0,A,396549.9688,396563.8125,0.139145,0.336152,13.8435,238.788864,4.1878
1,1,1,A,396563.8125,396564.1563,4.507709,0.16329,0.3437,71.428574,14
1,1,0,A,396564.1563,396564.9063,0.220339,0.326611,0.75,70.486069,14.1872
1,1,1,A,396564.9063,396565.25,4.688852,0.216393,0.3438,914.327515,1.0937
1,1,0,A,396565.25,396567.4688,-0.146467,0.321142,2.219,914.243896,1.0938
1,1,1,AB,396567.4688,396567.5625,2.68442,0,0.0935,390.198212,2.5628
1,1,0,A,396567.5625,396574.5625,0.058958,0.377865,7,432.432434,2.3125
1,1,1,A,396574.5625,396579,3.876076,0.77991,4.4375,140.974136,7.0935
