1,1,1,A,61424.01172,61424.19141,4.449955,0.09227,0.18,N/A,Not found
1,1,0,A,61424.19141,61434.92969,0.015576,0.140174,10.738,N/A,Not found
1,1,1,A,61434.92969,61435.67969,5.029633,0.630623,0.75,91.591866,10.918
1,1,0,A,61435.67969,61444.5,0.036166,0.140943,8.8205,87.047356,11.488
1,1,1,A,61444.5,61445.10156,5.316477,0.408731,0.6015,104.487747,9.5705
1,1,0,A,61445.10156,61445.37109,0.263359,0.170196,0.2696,106.134575,9.422
1,1,1,AB,61445.37109,61445.46094,3.764748,0,0.0899,1147.973877,0.8711
1,1,0,A,61445.46094,61450.19922,0.008614,0.153031,4.7382,2781.641113,0.3595
1,1,1,A,61450.19922,61451.03906,5.432475,0.725562,0.8399,207.120819,4.8281
1,1,0,A,61451.03906,61454.82031,0.07557,0.368441,3.7811,179.272507,5.5781
1,1,1,A,61454.82031,61455.75,5.422236,0.262445,0.9298,216.403381,4.621
1,1,0,A,61455.75,61456.46875,0.082643,0.169412,0.719,212.273666,4.7109
1,1,1,AB,61456.46875,61456.55859,3.647149,0,0.0895,606.501709,1.6488
1,1,0,A,61456.55859,61462.5,0.00866,0.154737,5.9415,1236.858398,0.8085
1,1,1,A,61462.5,61462.80078,5.063886,0.301038,0.301,165.809982,6.031
1,1,0,A,61462.80078,61463.37109,-0.002839,0.101866,0.5701,160.19223,6.2425
1,1,1,A,61463.37109,61463.57813,5.18168,0.161963,0.207,1147.973877,0.8711
1,1,0,AB,61463.57813,61463.67188,1.476093,0,0.0939,1286.835693,0.7771
1,1,1,A,61463.67188,61464.21094,5.888399,0.409203,0.539,3323.363281,0.3009
1,1,0,A,61464.21094,61467.62891,0.06346,0.168601,3.418,1580.028442,0.6329
1,1,1,A,61467.62891,61468.01953,5.036513,0.233339,0.3905,252.716705,3.957
1,1,0,A,61468.01953,61474.19922,0.064046,0.297244,6.1797,262.570557,3.8085
1,1,1,A,61474.19922,61474.67969,5.336679,0.230449,0.4803,152.202362,6.5702
1,1,0,A,61474.67969,61475.76172,0.039529,0.18775,1.082,150.150146,6.66
1,1,1,A,61475.76172,61476.17969,5.183244,0.162762,0.418,640.081909,1.5623
1,1,0,A,61476.17969,61490.94141,-0.11843,0.223356,14.762,666.666687,1.5
1,1,1,A,61490.94141,61491.08984,5.129451,0,0.1485,65.876152,15.18
1,1,0,A,61491.08984,61494.92969,-0.150772,0.159858,3.8395,67.066833,14.9105
1,1,1,A,61494.92969,61495.19922,5.172565,0.179585,0.2697,250.752258,3.988
1,1,0,A,61495.19922,61498.46875,-0.075246,0.152883,3.2698,243.356369,4.1092
1,1,1,A,61498.46875,61501.41016,5.689308,0.516989,2.9412,282.525787,3.5395
1,1,0,A,61501.41016,61508.76172,-0.053283,0.246061,7.3513,161.004669,6.211
1,1,1,A,61508.76172,61509.71875,5.666332,0.378292,0.9575,97.158127,10.2925
1,1,0,A,61509.71875,61511.16016,-0.051003,0.122626,1.4412,120.354324,8.3088
1,1,1,A,61511.16016,61511.48828,5.440381,0.224935,0.328,416.892487,2.3987
1,1,0,A,61511.48828,61512.23828,-0.024778,0.181281,0.75,565.227234,1.7692
1,1,1,AB,61512.23828,61512.35938,4.603734,0,0.1213,927.643799,1.078
1,1,0,A,61512.35938,61512.96094,-0.155541,0.232151,0.6015,1147.710327,0.8713
1,1,1,A,61512.96094,61513.14063,4.774621,0.296567,0.1795,1383.508545,0.7228
1,1,0,A,61513.14063,61515.98828,-0.029787,0.20773,2.8477,1280.40979,0.781
1,1,1,A,61515.98828,61516.67969,5.445531,0.132442,0.6913,330.338257,3.0272
1,1,0,A,61516.67969,61519.76953,-0.022964,0.14893,3.09,282.565704,3.539
1,1,1,A,61519.76953,61520.21875,5.617768,0.166579,0.4495,264.45932,3.7813
1,1,0,A,61520.21875,61523.21875,-0.032696,0.147431,3,282.525787,3.5395
1,1,1,A,61523.21875,61524.39063,4.88687,0.671338,1.1715,289.897095,3.4495
1,1,0,A,61524.39063,61524.71875,0.177896,0.154754,0.3285,239.721924,4.1715
1,1,1,A,61524.71875,61524.98828,5.893477,0.282115,0.2692,666.666687,1.5
1,1,0,AB,61524.98828,61525.10938,1.593538,0,0.1213,1673.0802,0.5977
1,1,1,A,61525.10938,61525.35156,5.453664,0.222346,0.242,2560.81958,0.3905
1,1,0,A,61525.35156,61525.58984,0.202469,0.119209,0.2385,2752.546143,0.3633
1,1,1,AB,61525.58984,61525.67969,3.772796,0,0.0895,2081.165527,0.4805
1,1,0,A,61525.67969,61526.64063,0.095147,0.165616,0.961,3048.780518,0.328
1,1,1,A,61526.64063,61527.12109,5.625426,0.316116,0.4806,951.927673,1.0505
1,1,0,A,61527.12109,61527.30078,0.207549,0.062725,0.1799,693.673706,1.4416
1,1,1,A,61527.30078,61527.60156,5.385198,0.130033,0.3005,1514.004517,0.6605
1,1,0,A,61527.60156,61530.69141,-0.010662,0.141419,3.09,2081.598633,0.4804
1,1,1,AB,61530.69141,61530.80859,3.903611,0,0.117,294.941742,3.3905
1,1,0,A,61530.80859,61534.17188,-0.012523,0.134123,3.3635,311.817902,3.207
1,1,1,A,61534.17188,61535.21875,5.407512,0.422717,1.047,287.315033,3.4805
1,1,0,AB,61535.21875,61535.28125,1.874518,0,0.0622,226.731659,4.4105
1,1,1,A,61535.28125,61536.23828,5.942262,0.39506,0.957,901.550659,1.1092
1,1,0,A,61536.23828,61538.03906,-0.031436,0.151362,1.8009,981.161682,1.0192
1,1,1,A,61538.03906,61539.05859,5.592442,0.339048,1.0194,362.594727,2.7579
1,1,0,A,61539.05859,61540.92188,-0.09257,0.158053,1.8635,354.572205,2.8203
1,1,1,A,61540.92188,61541.82031,5.579682,0.381609,0.8982,346.872955,2.8829
1,1,0,A,61541.82031,61546.17188,-0.031516,0.139936,4.3518,362.095825,2.7617
1,1,1,A,61546.17188,61546.62109,5.389015,0.326885,0.4491,190.476196,5.25
1,1,0,A,61546.62109,61546.94922,0.11324,0.176918,0.3281,208.294281,4.8009
1,1,1,A,61546.94922,61547.33984,5.96376,0.468319,0.3908,1286.670044,0.7772
1,1,0,A,61547.33984,61548.05859,0.001521,0.141432,0.7185,1391.014038,0.7189
1,1,1,A,61548.05859,61548.35938,5.370807,0.254645,0.301,901.469421,1.1093
1,1,0,A,61548.35938,61548.69141,0.153167,0.106147,0.332,980.872986,1.0195
1,1,1,A,61548.69141,61548.87109,5.514274,0.137011,0.1796,1579.778809,0.633
1,1,0,AB,61548.87109,61548.96094,1.94808,0,0.0899,1954.6521,0.5116
1,1,1,AB,61548.96094,61549.01953,3.148976,0,0.0585,3710.575195,0.2695
1,1,0,A,61549.01953,61549.98047,-0.078155,0.166052,0.961,6738.544434,0.1484
1,1,1,A,61549.98047,61550.57813,5.609581,0.284123,0.5976,980.872986,1.0195
1,1,0,A,61550.57813,61550.73047,0.529608,0,0.1524,641.60144,1.5586
1,1,1,A,61550.73047,61551.26953,5.579445,0.356656,0.539,1333.333374,0.75
1,1,0,A,61551.26953,61554.69141,-0.023109,0.149965,3.422,1446.340698,0.6914
1,1,1,A,61554.69141,61555.37891,5.378712,0.325669,0.6875,252.461502,3.961
1,1,0,A,61555.37891,61560.03125,-0.018566,0.127849,4.6522,243.338608,4.1095
1,1,1,A,61560.03125,61560.30078,5.746525,0.255341,0.2698,187.276443,5.3397
1,1,0,A,61560.30078,61560.69141,-0.048304,0.141992,0.3905,203.169449,4.922
1,1,1,A,61560.69141,61561.14063,5.911216,0.15902,0.449,1514.463135,0.6603
1,1,0,A,61561.14063,61564.58984,-0.012929,0.160476,3.4495,1191.185181,0.8395
1,1,1,A,61564.58984,61565.39844,5.78647,0.221707,0.8085,256.508911,3.8985
1,1,0,A,61565.39844,61566.92969,0.0106,0.141742,1.531,234.852051,4.258
1,1,1,A,61566.92969,61567.07813,5.164881,0,0.1486,427.441772,2.3395
1,1,0,A,61567.07813,61579.19922,0.025329,0.248616,12.1211,595.379883,1.6796
1,1,1,A,61579.19922,61579.58984,5.706459,0.390135,0.3908,81.501587,12.2697
1,1,0,A,61579.58984,61586.37109,0.066474,0.234222,6.7811,79.923912,12.5119
1,1,1,AB,61586.37109,61586.46094,3.379015,0,0.0899,139.43306,7.1719
1,1,0,A,61586.46094,61590.23828,0.022614,0.144513,3.7772,145.53923,6.871
1,1,1,A,61590.23828,61591.14063,5.523322,0.704387,0.9023,258.591705,3.8671
1,1,0,A,61591.14063,61591.71094,0.305893,0.192851,0.5705,213.698044,4.6795
1,1,1,A,61591.71094,61592.07031,5.130412,0.2315,0.3592,678.978821,1.4728
1,1,0,A,61592.07031,61598.10156,-0.083863,0.159196,6.0313,1075.615845,0.9297
1,1,1,A,61598.10156,61598.64063,4.779192,1.080817,0.539,156.482285,6.3905
1,1,0,A,61598.64063,61599.71875,-0.063423,0.133091,1.0785,152.200058,6.5703
1,1,1,AB,61599.71875,61599.83984,3.947812,0,0.121,618.238037,1.6175
1,1,0,A,61599.83984,61606.89063,-0.023894,0.143371,7.0505,833.680725,1.1995
1,1,1,A,61606.89063,61608.05859,5.294273,0.433339,1.168,139.440842,7.1715
1,1,0,A,61608.05859,61612.98047,-0.023361,0.163576,4.922,121.676704,8.2185
1,1,1,A,61612.98047,61614.17969,5.487876,0.256302,1.199,164.203613,6.09
1,1,0,A,61614.17969,61623.60156,-0.042096,0.154451,9.422,163.371994,6.121
1,1,1,AB,61623.60156,61623.66016,3.109472,0,0.0587,94.153091,10.621
1,1,0,A,61623.66016,61628.10156,0.00216,0.193565,4.4413,105.47744,9.4807
1,1,1,A,61628.10156,61630.35156,5.424732,0.451395,2.25,222.222229,4.5
1,1,0,A,61630.35156,61638.71875,-0.057042,0.132937,8.3675,149.447784,6.6913
1,1,1,AB,61638.71875,61638.83984,3.902759,0,0.121,94.184128,10.6175
1,1,0,A,61638.83984,61640.21875,-0.029707,0.117657,1.379,117.806442,8.4885
1,1,1,A,61640.21875,61641.21094,5.054424,0.762827,0.992,666.666687,1.5
1,1,0,A,61641.21094,61670.67188,0.013968,0.149059,29.461,421.76297,2.371
1,1,1,A,61670.67188,61670.94141,5.291845,0.563462,0.2695,32.837486,30.452999
1,1,0,A,61670.94141,61676.37109,0.111092,0.361167,5.4296,33.63549,29.730499
1,1,1,A,61676.37109,61676.67188,5.7407,0.193957,0.3009,175.466309,5.6991
1,1,0,A,61676.67188,61681.32031,0.088879,0.37989,4.6482,174.504837,5.7305
1,1,1,A,61681.32031,61681.58984,5.197035,0.344776,0.2698,202.056946,4.9491
1,1,0,AB,61681.58984,61681.64844,2.329269,0,0.0585,203.334686,4.918
1,1,1,A,61681.64844,61681.94922,5.170598,0.359083,0.3007,3045.994629,0.3283
1,1,0,A,61681.94922,61685.19141,0.019851,0.15492,3.2423,2783.964355,0.3592
1,1,1,A,61685.19141,61685.55078,5.750506,0.166763,0.3595,282.246674,3.543
1,1,0,A,61685.55078,61687.14063,0.029186,0.16648,1.5895,277.638947,3.6018
1,1,1,AB,61687.14063,61687.23047,3.342023,0,0.09,513.083618,1.949
1,1,0,A,61687.23047,61687.85938,-0.053256,0.202961,0.629,595.415283,1.6795
1,1,1,AB,61687.85938,61687.92188,3.076308,0,0.0625,1390.820557,0.719
1,1,0,A,61687.92188,61691.60938,-0.017865,0.128876,3.6875,1446.131592,0.6915
1,1,1,A,61691.60938,61691.85156,5.005569,0.280479,0.242,266.666656,3.75
1,1,0,A,61691.85156,61693.07813,0.003146,0.171446,1.2266,254.485306,3.9295
1,1,1,A,61693.07813,61693.37891,5.492108,0.175744,0.3009,680.920593,1.4686
1,1,0,A,61693.37891,61694.60938,-0.071397,0.114836,1.2305,654.66449,1.5275
1,1,1,AB,61694.60938,61694.69922,3.465416,0,0.0897,652.997253,1.5314
1,1,0,A,61694.69922,61695.14844,0.075783,0.112286,0.4493,757.460999,1.3202
1,1,1,A,61695.14844,61695.44922,6.023258,0.354344,0.3007,1855.287598,0.539
1,1,0,A,61695.44922,61697.85156,-0.017819,0.130426,2.4023,1333.333374,0.75
1,1,1,A,61697.85156,61698.60156,5.329539,0.99471,0.75,369.95929,2.703
1,1,0,A,61698.60156,61698.96094,0.162002,0.22558,0.3595,317.228699,3.1523
1,1,1,A,61698.96094,61699.73828,5.003129,0.58499,0.7772,901.306885,1.1095
1,1,0,A,61699.73828,61700.51953,0.312093,0.343797,0.7813,879.739624,1.1367
1,1,1,A,61700.51953,61701.26953,5.260852,0.351647,0.75,641.642578,1.5585
1,1,0,A,61701.26953,61705.94922,-0.043183,0.149276,4.6797,653.039917,1.5313
1,1,1,A,61705.94922,61706.57813,5.032947,0.322387,0.6289,184.172241,5.4297
1,1,0,A,61706.57813,61714.82813,-0.002891,0.168606,8.25,188.373581,5.3086
1,1,1,A,61714.82813,61715.10156,5.895562,0.216599,0.2734,112.626564,8.8789
1,1,0,A,61715.10156,61717.23047,0.080445,0.260239,2.129,117.324074,8.5234
1,1,1,A,61717.23047,61721.91016,5.567181,0.439556,4.6797,416.250427,2.4024
1,1,0,A,61721.91016,61722.44922,0.03554,0.2729,0.539,146.870911,6.8087
1,1,1,A,61722.44922,61723.19922,5.635682,0.507599,0.75,191.618607,5.2187
1,1,0,A,61723.19922,61730.33984,-0.000523,0.167027,7.1408,775.795166,1.289
1,1,1,A,61730.33984,61730.55078,4.801745,0.198781,0.211,126.729866,7.8908
1,1,0,A,61730.55078,61737.96094,-0.044771,0.184656,7.41,136.021103,7.3518
1,1,1,A,61737.96094,61738.14063,5.359345,0.06746,0.1795,131.21637,7.621
1,1,0,A,61738.14063,61745.39844,-0.045545,0.148102,7.258,131.760986,7.5895
1,1,1,A,61745.39844,61745.67188,5.275655,0.150445,0.2735,134.453781,7.4375
1,1,0,A,61745.67188,61746.08984,0.183679,0.120768,0.418,132.775681,7.5315
1,1,1,A,61746.08984,61746.57031,4.926493,0.447415,0.4802,1446.131592,0.6915
1,1,0,A,61746.57031,61754.37109,-0.053323,0.162075,7.8009,1113.337769,0.8982
1,1,1,AB,61754.37109,61754.42969,3.419258,0,0.0584,120.756905,8.2811
1,1,0,A,61754.42969,61758.39063,-0.000812,0.154391,3.961,127.237793,7.8593
1,1,1,A,61758.39063,61759.05078,5.006632,0.497011,0.6605,248.79335,4.0194
1,1,0,A,61759.05078,61759.89063,-0.105968,0.139013,0.8395,216.379959,4.6215
1,1,1,A,61759.89063,61760.28125,5.442134,0.320574,0.3907,666.666687,1.5
1,1,0,A,61760.28125,61771.26172,-0.09235,0.14458,10.9803,812.875977,1.2302
1,1,1,A,61771.26172,61771.41016,5.236302,0,0.1487,87.943016,11.371
1,1,0,A,61771.41016,61775.96875,-0.083387,0.152528,4.5588,89.855331,11.129
1,1,1,A,61775.96875,61776.14844,5.224482,0.123159,0.1795,212.426971,4.7075
1,1,0,A,61776.14844,61782.26953,-0.067061,0.181692,6.121,211.046158,4.7383
1,1,1,A,61782.26953,61782.48047,4.911609,0.055097,0.211,158.71756,6.3005
1,1,0,A,61782.48047,61783.19922,-0.088622,0.202041,0.7187,157.927979,6.332
1,1,1,AB,61783.19922,61783.32031,4.380949,0,0.121,1075.615845,0.9297
1,1,0,A,61783.32031,61787.19141,-0.055409,0.142306,3.8713,1190.901489,0.8397
1,1,1,A,61787.19141,61787.57813,5.469974,0.283062,0.3866,250.482178,3.9923
1,1,0,A,61787.57813,61788.83984,-0.003467,0.183718,1.2619,234.857559,4.2579
1,1,1,AB,61788.83984,61788.92969,3.607264,0,0.0895,606.612061,1.6485
1,1,0,A,61788.92969,61789.26172,0.76353,0.632064,0.332,739.973389,1.3514
1,1,1,A,61789.26172,61789.41016,4.328271,0,0.1487,2372.479248,0.4215
1,1,0,A,61789.41016,61793.03906,-0.077953,0.172931,3.6289,2080.299561,0.4807
1,1,1,A,61793.03906,61793.76172,4.66122,1.116037,0.7224,264.718353,3.7776
1,1,0,A,61793.76172,61794.39063,-0.058914,0.229844,0.629,229.816376,4.3513
1,1,1,A,61794.39063,61794.53906,4.537132,0,0.1486,739.973389,1.3514
1,1,0,AB,61794.53906,61794.60156,2.990931,0,0.0624,1286.008179,0.7776
1,1,1,AB,61794.60156,61794.71875,4.698673,0,0.1175,4739.336426,0.211
1,1,0,A,61794.71875,61796.67188,-0.059445,0.142008,1.953,5558.643555,0.1799
1,1,1,A,61796.67188,61796.85156,4.062166,0.01445,0.1795,482.975128,2.0705
1,1,0,A,61796.85156,61797.05859,0.065477,0.177093,0.207,468.933167,2.1325
1,1,1,A,61797.05859,61797.23828,5.280962,0.042511,0.1797,2587.322021,0.3865
1,1,0,A,61797.23828,61797.53906,0.120886,0.137396,0.3009,2585.983887,0.3867
1,1,1,A,61797.53906,61798.41016,5.157948,0.654286,0.8711,2080.732422,0.4806
1,1,0,A,61798.41016,61801.01953,-0.035295,0.138781,2.6093,853.24231,1.172
1,1,1,A,61801.01953,61801.19922,4.321583,0.023847,0.1797,287.323303,3.4804
1,1,0,A,61801.19922,61803.62891,-0.042464,0.156666,2.4298,358.551453,2.789
1,1,1,A,61803.62891,61803.92969,5.463339,0.372594,0.3005,383.215179,2.6095
1,1,0,A,61803.92969,61808.51953,-0.053947,0.165763,4.59,366.260132,2.7303
1,1,1,A,61808.51953,61808.67188,4.776032,0,0.1525,204.478073,4.8905
1,1,0,A,61808.67188,61810.53125,0.004583,0.160319,1.8592,210.859253,4.7425
1,1,1,AB,61810.53125,61810.62109,3.603598,0,0.0899,497.09201,2.0117
1,1,0,A,61810.62109,61812.75,-0.018634,0.234344,2.1289,513.057312,1.9491
1,1,1,A,61812.75,61813.07813,5.54661,0.27097,0.3281,450.694061,2.2188
1,1,0,A,61813.07813,61829.69922,-0.014473,0.229314,16.621099,407.000397,2.457
1,1,1,A,61829.69922,61829.85156,4.864491,0,0.1523,58.999836,16.9492
1,1,0,A,61829.85156,61834.82813,-0.074536,0.160061,4.9766,59.618206,16.773399
1,1,1,AB,61834.82813,61834.94922,3.875361,0,0.1211,194.973587,5.1289
1,1,0,A,61834.94922,61841.85156,-0.038746,0.215477,6.9023,196.166901,5.0977
1,1,1,A,61841.85156,61842.17969,5.381279,0.586775,0.328,142.38118,7.0234
1,1,0,A,61842.17969,61843.5,-0.058369,0.150322,1.3205,138.306854,7.2303
1,1,1,AB,61843.5,61843.62109,4.049979,0,0.1211,606.612061,1.6485
1,1,0,A,61843.62109,61844.76172,0.010121,0.133932,1.1404,693.673706,1.4416
1,1,1,A,61844.76172,61844.91016,5.326895,0,0.1487,792.707092,1.2615
1,1,0,A,61844.91016,61845.96094,0.054439,0.122618,1.0508,775.734985,1.2891
1,1,1,A,61845.96094,61846.26172,5.242704,0.160155,0.3005,833.680725,1.1995
1,1,0,A,61846.26172,61846.62109,-0.088945,0.183172,0.3596,740.028137,1.3513
1,1,1,A,61846.62109,61847.69922,5.799454,0.365895,1.0781,1514.921997,0.6601
1,1,0,A,61847.69922,61852.23047,-0.092042,0.168257,4.5313,695.55542,1.4377
1,1,1,A,61852.23047,61853.19141,5.196783,0.535299,0.961,178.272186,5.6094
1,1,0,A,61853.19141,61853.91016,0.215403,0.632606,0.7187,182.07309,5.4923
1,1,1,A,61853.91016,61854.26953,4.744414,0.897039,0.3593,595.344421,1.6797
1,1,0,A,61854.26953,61863.23828,-0.064895,0.136295,8.9687,927.643799,1.078
1,1,1,A,61863.23828,61863.44922,5.864911,0.269641,0.211,107.204117,9.328
1,1,0,A,61863.44922,61883.76172,-0.013001,0.216546,20.3123,108.93602,9.1797
1,1,1,A,61883.76172,61884,5.695317,0.153081,0.2385,48.725109,20.5233
1,1,0,A,61884,61885.46875,0.205922,0.60784,1.469,48.659904,20.5508
1,1,1,A,61885.46875,61886.30859,5.836055,0.121802,0.8395,585.65155,1.7075
1,1,0,A,61886.30859,61894.32031,-0.045436,0.170666,8.0117,433.181732,2.3085
1,1,1,A,61894.32031,61894.46875,4.598584,0,0.1488,112.979034,8.8512
1,1,0,AB,61894.46875,61894.58984,1.257089,0,0.121,122.541512,8.1605
1,1,1,A,61894.58984,61895.01172,5.774024,0.180925,0.4215,3706.449219,0.2698
1,1,0,A,61895.01172,61896.12109,-0.00688,0.147562,1.1096,1843.317993,0.5425
1,1,1,A,61896.12109,61897.05078,5.490603,0.264925,0.9299,653.125183,1.5311
1,1,0,A,61897.05078,61897.64844,0.045546,0.192085,0.5975,490.316254,2.0395
1,1,1,AB,61897.64844,61897.76953,4.233908,0,0.121,654.707336,1.5274
1,1,0,A,61897.76953,61900.17188,-0.012801,0.133171,2.4025,1391.788452,0.7185
1,1,1,A,61900.17188,61900.53125,5.27558,0.390553,0.3592,396.275024,2.5235
1,1,0,AB,61900.53125,61900.62109,1.750208,0,0.0899,362.095825,2.7617
1,1,1,A,61900.62109,61900.80078,5.03828,0.158582,0.1799,2226.675537,0.4491
1,1,0,A,61900.80078,61910.64063,-0.02934,0.142245,9.8395,3706.449219,0.2698
1,1,1,A,61910.64063,61911.03125,5.65287,0.249548,0.3907,99.806374,10.0194
1,1,0,A,61911.03125,61912.26172,0.00917,0.201944,1.2303,97.749802,10.2302
1,1,1,AB,61912.26172,61912.35156,3.800378,0,0.09,616.903137,1.621
1,1,0,A,61912.35156,61919.76172,-0.021785,0.167264,7.41,757.403625,1.3203
1,1,1,A,61919.76172,61920.12109,5.413515,0.266577,0.3596,133.333328,7.5
1,1,0,A,61920.12109,61920.42188,0.121642,0.084809,0.3009,128.706757,7.7696
1,1,1,A,61920.42188,61921.26172,5.172696,0.522189,0.8395,1514.004517,0.6605
1,1,0,A,61921.26172,61931.19141,-0.0162,0.222162,9.93,876.885315,1.1404
1,1,1,A,61931.19141,61933.92188,5.66839,0.518448,2.7305,92.85482,10.7695
1,1,0,A,61933.92188,61937.46094,-0.022544,0.16049,3.539,78.985825,12.6605
1,1,1,A,61937.46094,61937.67188,4.984711,0.242428,0.211,159.50235,6.2695
1,1,0,A,61937.67188,61947.60156,0.06113,0.266449,9.9295,266.666656,3.75
1,1,1,A,61947.60156,61947.75,4.648438,0,0.1485,98.614464,10.1405
1,1,0,A,61947.75,61948.01953,0.034123,0.218377,0.2695,99.226036,10.078
1,1,1,A,61948.01953,61948.28906,5.373539,0.319055,0.2696,2392.344482,0.418
1,1,0,A,61948.28906,61954.53125,-0.00253,0.187376,6.2421,1854.943481,0.5391
1,1,1,A,61954.53125,61954.82813,5.753768,0.280223,0.2969,153.569733,6.5117
1,1,0,A,61954.82813,61955.51953,0.016263,0.248729,0.6914,152.928589,6.539
1,1,1,A,61955.51953,61955.76172,5.476915,0.27973,0.242,1011.838501,0.9883
1,1,0,A,61955.76172,61958.21875,0.034038,0.140531,2.4575,1071.352051,0.9334
1,1,1,A,61958.21875,61958.48828,5.322019,0.245792,0.2692,370.438965,2.6995
1,1,0,A,61958.48828,61960.01953,0.039169,0.146944,1.5313,366.743683,2.7267
1,1,1,A,61960.01953,61960.23047,5.230468,0.184002,0.211,555.401306,1.8005
1,1,0,A,61960.23047,61970.48828,-0.006172,0.25748,10.2577,573.953979,1.7423
1,1,1,A,61970.48828,61971.17969,5.421535,0.503245,0.6913,95.522842,10.4687
1,1,0,A,61971.17969,61974.48047,-0.012144,0.174978,3.301,91.332542,10.949
1,1,1,AB,61974.48047,61974.60156,4.075346,0,0.121,250.482178,3.9923
1,1,0,A,61974.60156,61975.07813,-0.075806,0.150763,0.4766,292.226776,3.422
1,1,1,A,61975.07813,61975.23047,4.474695,0,0.1524,1673.360107,0.5976
1,1,0,A,61975.23047,61978.07813,0.005027,0.172106,2.8476,1589.825073,0.629
1,1,1,AB,61978.07813,61978.14063,2.385548,0,0.0624,333.333344,3
1,1,0,A,61978.14063,61981.37891,-0.02769,0.138699,3.2385,343.642609,2.91
1,1,1,A,61981.37891,61981.71094,5.445844,0.147912,0.332,302.947693,3.3009
1,1,0,A,61981.71094,61992.75,-0.015634,0.132513,11.039,280.072815,3.5705
1,1,1,AB,61992.75,61992.80859,3.036717,0,0.0585,87.943016,11.371
1,1,0,A,61992.80859,61995.23828,0.161377,0.523584,2.4297,90.110382,11.0975
1,1,1,A,61995.23828,61995.53906,5.430249,0.185215,0.3009,401.896942,2.4882
1,1,0,A,61995.53906,61998.12109,-0.021341,0.119624,2.582,366.219879,2.7306
1,1,1,A,61998.12109,61998.30078,4.951496,0.136319,0.1799,346.872955,2.8829
1,1,0,A,61998.30078,61998.98828,0.062889,0.184784,0.6872,362.06958,2.7619
1,1,1,A,61998.98828,61999.35156,5.574011,0.120407,0.3633,1153.269531,0.8671
1,1,0,A,61999.35156,62002.46875,-0.020679,0.174772,3.1175,951.927673,1.0505
1,1,1,A,62002.46875,62002.62109,4.615054,0,0.1521,287.290283,3.4808
1,1,0,A,62002.62109,62006.94141,-0.033204,0.152829,4.3204,305.847809,3.2696
1,1,1,A,62006.94141,62007.62891,5.409538,0.429461,0.6875,223.588593,4.4725
1,1,0,A,62007.62891,62007.78125,0.525119,0,0.1522,199.684494,5.0079
1,1,1,A,62007.78125,62007.98828,5.634444,0.180169,0.207,1190.901489,0.8397
1,1,0,A,62007.98828,62008.37891,0.07092,0.173079,0.3908,2783.964355,0.3592
1,1,1,A,62008.37891,62008.98047,5.652633,0.355074,0.6015,1672.800293,0.5978
1,1,0,A,62008.98047,62038.82813,-0.040573,0.153602,29.847601,1007.759766,0.9923
1,1,1,A,62038.82813,62039.19141,5.666552,0.188009,0.3634,32.841694,30.4491
1,1,0,A,62039.19141,62040.21094,0.027149,0.200088,1.0195,33.100525,30.211
1,1,1,AB,62040.21094,62040.32813,4.205239,0,0.1171,723.118103,1.3829
1,1,0,A,62040.32813,62041.14063,0.044286,0.222807,0.8124,879.817017,1.1366
1,1,1,AB,62041.14063,62041.26172,4.804895,0,0.121,1075.84729,0.9295
1,1,0,A,62041.26172,62044.67969,-0.00286,0.156448,3.418,1071.352051,0.9334
1,1,1,A,62044.67969,62046.80859,5.644147,0.226636,2.129,282.565704,3.539
1,1,0,AB,62046.80859,62046.92969,1.708729,0,0.121,180.277634,5.547
1,1,1,A,62046.92969,62047.41016,4.916597,0.469572,0.4807,444.444458,2.25
1,1,0,A,62047.41016,62047.55859,2.374663,0,0.1483,1661.957764,0.6017
1,1,1,A,62047.55859,62047.92188,3.916595,0.878939,0.3635,1589.825073,0.629
1,1,0,A,62047.92188,62061.23828,0.003984,0.127157,13.3162,1953.888184,0.5118
1,1,1,A,62061.23828,62061.48047,5.919163,0.159487,0.2423,73.101021,13.6797
1,1,0,A,62061.48047,62061.92969,0.048605,0.112777,0.449,73.754471,13.5585
1,1,1,A,62061.92969,62062.53125,5.60646,0.318089,0.6017,1446.549927,0.6913
1,1,0,A,62062.53125,62063.87891,0.047285,0.177189,1.3478,951.74646,1.0507
1,1,1,A,62063.87891,62064.83984,5.554297,0.487663,0.961,512.952026,1.9495
1,1,0,A,62064.83984,62065.41016,0.016847,0.169892,0.5702,433.125427,2.3088
1,1,1,A,62065.41016,62065.76953,5.859834,0.209718,0.3593,653.08252,1.5312
1,1,0,A,62065.76953,62079.51172,0.002837,0.156063,13.742,1075.84729,0.9295
1,1,1,A,62079.51172,62080.07813,5.29501,0.615658,0.5666,70.915451,14.1013
1,1,0,A,62080.07813,62081.21875,0.037164,0.160036,1.1409,69.888039,14.3086
1,1,1,A,62081.21875,62081.42969,5.297498,0.176926,0.2105,585.65155,1.7075
1,1,0,A,62081.42969,62100.14844,-0.036505,0.140472,18.719,739.973389,1.3514
1,1,1,A,62100.14844,62100.30078,5.511173,0,0.1525,52.827599,18.929501
1,1,0,A,62100.30078,62101.05078,0.05608,0.152591,0.75,52.98996,18.8715
1,1,1,AB,62101.05078,62101.10938,2.978059,0,0.0585,1108.033203,0.9025
1,1,0,A,62101.10938,62105.21875,0.014714,0.141532,4.1095,1236.858398,0.8085
1,1,1,A,62105.21875,62105.60938,6.133247,0.349713,0.3905,239.923218,4.168
1,1,0,A,62105.60938,62107.76953,0.159454,0.526857,2.16,222.222229,4.5
1,1,1,A,62107.76953,62107.92188,4.774169,0,0.1525,392.079987,2.5505
1,1,0,A,62107.92188,62112.69141,-0.042349,0.138839,4.7695,432.432434,2.3125
1,1,1,A,62112.69141,62113.14063,4.911351,1.076502,0.449,203.169449,4.922
1,1,0,A,62113.14063,62113.92188,-0.015911,0.171073,0.7815,191.625946,5.2185
1,1,1,A,62113.92188,62114.07031,4.756071,0,0.1482,812.677795,1.2305
1,1,0,A,62114.07031,62114.96875,0.254273,0.712893,0.8988,1075.615845,0.9297
1,1,1,A,62114.96875,62115.17969,5.519116,0.27297,0.2105,955.109863,1.047
1,1,0,A,62115.17969,62120.55078,0.018774,0.129432,5.3715,901.469421,1.1093
1,1,1,A,62120.55078,62120.91016,5.391562,0.190731,0.3592,179.147263,5.582
1,1,0,A,62120.91016,62124.48047,-0.037462,0.128184,3.5703,174.498749,5.7307
1,1,1,A,62124.48047,62125.07813,5.93297,0.274085,0.5976,254.485306,3.9295
1,1,0,A,62125.07813,62127.80859,0.024611,0.300266,2.7304,239.928986,4.1679
1,1,1,A,62127.80859,62128.07813,5.296257,0.382925,0.2696,300.480774,3.328
1,1,0,A,62128.07813,62128.73828,-0.066219,0.191456,0.6601,333.333344,3
1,1,1,A,62128.73828,62129.03906,5.781507,0.189506,0.3009,1075.615845,0.9297
1,1,0,A,62129.03906,62139.71875,0.002924,0.146039,10.6799,1040.582764,0.961
1,1,1,A,62139.71875,62139.89844,4.449012,0.029458,0.1795,91.068047,10.9808
1,1,0,A,62139.89844,62140.80078,0.063679,0.178695,0.9025,92.086121,10.8594
1,1,1,A,62140.80078,62140.98047,5.257626,0.102988,0.1795,924.214417,1.082
1,1,0,A,62140.98047,62146.55859,-0.010641,0.137069,5.578,924.214417,1.082
1,1,1,A,62146.55859,62146.80078,4.618587,0.178219,0.2425,173.686493,5.7575
1,1,0,A,62146.80078,62147.94141,0.091721,0.125671,1.1405,171.806549,5.8205
1,1,1,A,62147.94141,62148.23828,6.109609,0.316992,0.2967,723.065796,1.383
1,1,0,A,62148.23828,62150.28125,0.008487,0.183761,2.043,695.797363,1.4372
1,1,1,AB,62150.28125,62150.39844,4.164731,0,0.1173,427.405212,2.3397
1,1,0,A,62150.39844,62150.96875,0.08923,0.150173,0.5705,462.898682,2.1603
1,1,1,A,62150.96875,62151.12109,4.996584,0,0.1521,1453.911011,0.6878
1,1,0,A,62151.12109,62151.87109,-0.05898,0.203585,0.75,1383.891479,0.7226
1,1,1,A,62151.87109,62152.05078,5.593976,0.068113,0.1799,1108.524536,0.9021
1,1,0,A,62152.05078,62154.32813,-0.014265,0.157658,2.2771,1075.384399,0.9299
1,1,1,A,62154.32813,62155.71094,5.287342,0.622054,1.3829,407.000397,2.457
1,1,0,A,62155.71094,62159.37109,-0.009043,0.134822,3.6601,273.22403,3.66
1,1,1,A,62159.37109,62159.67188,4.270654,0.408596,0.3009,198.294662,5.043
1,1,0,A,62159.67188,62161.35156,-0.004341,0.123655,1.6795,252.461502,3.961
1,1,1,AB,62161.35156,62161.46875,4.110793,0,0.1175,504.948486,1.9804
1,1,0,A,62161.46875,62162.19141,-0.004245,0.192678,0.7225,556.483032,1.797
1,1,1,A,62162.19141,62163.53906,5.186512,0.784778,1.3476,1190.476196,0.84
1,1,0,A,62163.53906,62165.10156,0.123066,0.241706,1.5624,483.068451,2.0701
1,1,1,A,62165.10156,62165.51953,6.018131,0.114771,0.418,343.642609,2.91
1,1,0,A,62165.51953,62165.82031,0.694018,0.427873,0.3007,504.948486,1.9804
1,1,1,A,62165.82031,62166.42188,5.550842,0.173409,0.6018,1391.401123,0.7187
1,1,0,A,62166.42188,62169.26953,-0.000983,0.155262,2.8475,1108.033203,0.9025
1,1,1,AB,62169.26953,62169.39063,3.967202,0,0.121,289.91391,3.4493
1,1,0,A,62169.39063,62174.28125,-0.012459,0.174732,4.8907,336.870483,2.9685
1,1,1,A,62174.28125,62174.96875,4.831701,0.892538,0.6878,199.533096,5.0117
1,1,0,A,62174.96875,62185.05078,-0.001418,0.258812,10.082,179.259659,5.5785
1,1,1,A,62185.05078,62185.26172,5.242542,0.12211,0.2105,92.852234,10.7698
1,1,0,A,62185.26172,62188.26172,-0.02085,0.141077,3,97.158127,10.2925
1,1,1,A,62188.26172,62189.46094,5.587689,0.316111,1.1995,311.477966,3.2105
1,1,0,AB,62189.46094,62189.55078,1.638073,0,0.09,238.123581,4.1995
1,1,1,A,62189.55078,62189.85156,5.615071,0.223703,0.3005,775.494385,1.2895
1,1,0,A,62189.85156,62204.55078,-0.063603,0.188853,14.6995,2560.81958,0.3905
1,1,1,A,62204.55078,62204.69922,5.44317,0,0.1482,66.666664,15
1,1,0,A,62204.69922,62206.23047,0.038112,0.260093,1.5313,67.350502,14.8477
1,1,1,A,62206.23047,62206.55859,5.630822,0.249826,0.328,595.415283,1.6795
1,1,0,A,62206.55859,62212.10938,-0.056057,0.163111,5.551,537.836792,1.8593
1,1,1,AB,62212.10938,62212.23047,4.360389,0,0.121,170.096954,5.879
1,1,0,A,62212.23047,62219.94141,-0.069628,0.146222,7.711,176.304657,5.672
1,1,1,A,62219.94141,62220.30078,4.63986,0.503714,0.3595,127.681305,7.832
1,1,0,A,62220.30078,62220.51172,0.256832,0.171693,0.2105,123.908058,8.0705
1,1,1,AB,62220.51172,62220.57031,2.515892,0,0.0587,1754.385986,0.57
1,1,0,A,62220.57031,62222.21875,-0.060783,0.146464,1.6488,3714.710205,0.2692
1,1,1,A,62222.21875,62222.48828,4.389054,0.120243,0.2692,585.65155,1.7075
1,1,0,A,62222.48828,62231.94141,-0.083125,0.255343,9.4533,521.376404,1.918
1,1,1,A,62231.94141,62232.51172,5.217524,0.625311,0.57,102.854202,9.7225
1,1,0,A,62232.51172,62234.21875,0.093743,0.684163,1.7075,99.76754,10.0233
1,1,1,AB,62234.21875,62234.33984,3.834862,0,0.121,439.077942,2.2775
1,1,0,A,62234.33984,62236.58984,-0.11026,0.18249,2.25,546.896362,1.8285
1,1,1,AB,62236.58984,62236.67969,3.633021,0,0.0895,421.76297,2.371
1,1,0,A,62236.67969,62241.62891,-0.045145,0.142299,4.9495,427.441772,2.3395
1,1,1,A,62241.62891,62242.23047,5.470451,0.485364,0.6015,198.452072,5.039
1,1,0,A,62242.23047,62253.30078,-0.051522,0.138171,11.0705,180.14772,5.551
1,1,1,A,62253.30078,62254.01953,5.465062,0.175369,0.7185,85.675117,11.672
1,1,0,A,62254.01953,62258.64063,-0.019911,0.153958,4.621,84.824837,11.789
1,1,1,A,62258.64063,62259.42188,5.501937,0.468635,0.7815,187.283447,5.3395
1,1,0,A,62259.42188,62260.55859,-0.040782,0.179514,1.1365,185.099487,5.4025
1,1,1,A,62260.55859,62260.71094,5.32959,0,0.1525,521.376404,1.918
1,1,0,A,62260.71094,62261.10156,0.773055,0.812793,0.3905,775.795166,1.289
1,1,1,A,62261.10156,62261.30859,5.166233,0.216731,0.207,1841.620605,0.543
1,1,0,A,62261.30859,62264.64063,0.016066,0.21587,3.332,1673.640137,0.5975
1,1,1,A,62264.64063,62265.57031,5.745883,0.261732,0.9297,282.565704,3.539
1,1,0,A,62265.57031,62267.94141,0.007338,0.14258,2.3713,234.648148,4.2617
1,1,1,AB,62267.94141,62268,3.532903,0,0.0585,302.938507,3.301
1,1,0,A,62268,62271.17969,-0.011031,0.138443,3.1795,411.556519,2.4298
1,1,1,A,62271.17969,62271.35938,4.599858,0.033532,0.18,308.832611,3.238
1,1,0,A,62271.35938,62280.32813,-0.043759,0.120927,8.9686,297.66333,3.3595
1,1,1,AB,62280.32813,62280.44922,4.556686,0,0.1211,109.306343,9.1486
1,1,0,A,62280.44922,62282.37109,-0.031902,0.12716,1.9219,110.014633,9.0897
1,1,1,A,62282.37109,62282.96875,5.868035,0.235091,0.5979,489.476257,2.043
1,1,0,A,62282.96875,62286.96094,-0.035857,0.164198,3.992,396.856903,2.5198
1,1,1,AB,62286.96094,62287.05078,3.59118,0,0.09,217.869675,4.5899
1,1,0,AB,62287.05078,62287.17188,1.276675,0,0.121,244.977951,4.082
1,1,1,A,62287.17188,62287.37891,5.166484,0.144814,0.207,4739.336426,0.211
1,1,0,A,62287.37891,62288.30859,0.064191,0.244747,0.9295,3048.780518,0.328
1,1,1,A,62288.30859,62288.51953,5.334694,0.212258,0.211,879.894409,1.1365
1,1,0,A,62288.51953,62288.94141,0.141552,0.099874,0.422,876.808411,1.1405
1,1,1,A,62288.94141,62289.35938,5.228868,0.31324,0.418,1579.778809,0.633
1,1,0,A,62289.35938,62292.14844,0.087075,0.357962,2.789,1190.476196,0.84
1,1,1,A,62292.14844,62293.05078,5.367984,0.751056,0.9025,311.817902,3.207
1,1,0,A,62293.05078,62296.19922,-0.067305,0.149119,3.1482,270.892578,3.6915
1,1,1,A,62296.19922,62296.5,4.854543,0.227319,0.3008,246.870911,4.0507
1,1,0,A,62296.5,62297.67188,-0.000295,0.151398,1.172,289.939117,3.449
1,1,1,AB,62297.67188,62297.78906,4.507739,0,0.1171,678.978821,1.4728
1,1,0,A,62297.78906,62298.32813,0.106501,0.147144,0.539,775.734985,1.2891
1,1,1,A,62298.32813,62298.92969,5.360478,0.327068,0.6014,1524.157959,0.6561
1,1,0,A,62298.92969,62301.62891,0.062654,0.310065,2.6995,876.885315,1.1404
1,1,1,A,62301.62891,62302.19922,5.474307,0.309079,0.5702,302.947693,3.3009
1,1,0,A,62302.19922,62303.19141,-0.040319,0.172694,0.9923,305.83847,3.2697
1,1,1,AB,62303.19141,62303.25,2.205432,0,0.0585,640,1.5625
1,1,0,A,62303.25,62303.48828,0.15715,0.09725,0.2382,951.655884,1.0508
1,1,1,A,62303.48828,62303.85156,5.617226,0.443208,0.3633,3370.407715,0.2967
1,1,0,A,62303.85156,62304.05859,0.879859,0.150727,0.207,1662.510376,0.6015
1,1,1,A,62304.05859,62305.26172,5.645398,0.198018,1.203,1753.463135,0.5703
1,1,0,A,62305.26172,62305.76953,0.038782,0.158668,0.508,709.219849,1.41
1,1,1,AB,62305.76953,62305.89063,4.261794,0,0.121,584.453552,1.711
1,1,0,A,62305.89063,62310.44922,-0.009252,0.17687,4.5587,1589.825073,0.629
1,1,1,A,62310.44922,62310.60156,5.470521,0,0.1523,213.688919,4.6797
1,1,0,A,62310.60156,62311.19922,-0.057391,0.129945,0.5977,212.26915,4.711
1,1,1,A,62311.19922,62316.78125,5.543616,0.470875,5.582,1333.333374,0.75
1,1,0,A,62316.78125,62316.96094,0.260456,0.035575,0.1798,161.82016,6.1797
1,1,1,AB,62316.96094,62317.01953,3.553523,0,0.0585,173.55687,5.7618
1,1,0,A,62317.01953,62317.23047,0.215648,0.168725,0.211,4196.391113,0.2383
1,1,1,A,62317.23047,62318.48828,5.765598,0.50149,1.2577,3710.575195,0.2695
1,1,0,A,62318.48828,62318.73047,0.700779,0.378286,0.2423,680.874268,1.4687
1,1,1,A,62318.73047,62319.42188,5.855434,0.301997,0.6915,666.666687,1.5
1,1,0,A,62319.42188,62319.98828,-0.039601,0.179856,0.5662,1070.893066,0.9338
1,1,1,A,62319.98828,62321.78906,5.315116,0.39993,1.8009,795.102173,1.2577
1,1,0,A,62321.78906,62330.03906,-0.064689,0.15857,8.25,422.457855,2.3671
1,1,1,A,62330.03906,62330.48828,5.591026,0.280095,0.4491,99.493576,10.0509
1,1,0,A,62330.48828,62330.94141,-0.006603,0.127593,0.4533,114.954422,8.6991
1,1,1,A,62330.94141,62331.21094,4.998757,0.291016,0.2695,1108.156006,0.9024
1,1,0,A,62331.21094,62331.83984,0.71306,0.706068,0.629,1383.508545,0.7228
1,1,1,A,62331.83984,62331.98828,5.012237,0,0.1482,1112.966064,0.8985
1,1,0,A,62331.98828,62333.85156,-0.070939,0.177135,1.8633,1286.670044,0.7772
1,1,1,A,62333.85156,62335.35156,5.356033,0.488424,1.5,497.141449,2.0115
1,1,0,A,62335.35156,62337.03125,-0.070069,0.151291,1.6797,297.327026,3.3633
1,1,1,A,62337.03125,62337.89844,5.242208,0.45699,0.8673,314.495087,3.1797
1,1,0,A,62337.89844,62341.67969,-0.057183,0.148464,3.781,392.618774,2.547
1,1,1,A,62341.67969,62341.82813,5.000085,0,0.1486,215.132416,4.6483
1,1,0,A,62341.82813,62343.35938,-0.093796,0.20472,1.5314,254.478821,3.9296
1,1,1,A,62343.35938,62343.80859,5.017677,0.674365,0.449,595.238098,1.68
1,1,0,A,62343.80859,62344.82813,-0.071334,0.160445,1.0196,504.948486,1.9804
1,1,1,A,62344.82813,62345.91016,5.288455,0.470877,1.0821,680.920593,1.4686
1,1,0,A,62345.91016,62349.26953,-0.016977,0.186231,3.3593,475.805298,2.1017
1,1,1,A,62349.26953,62349.42188,5.288456,0,0.1525,225.154236,4.4414
1,1,0,A,62349.42188,62349.87109,0.85992,0.858889,0.4491,284.754242,3.5118
1,1,1,A,62349.87109,62350.58984,5.614426,0.15051,0.7189,1662.234009,0.6016
1,1,0,A,62350.58984,62351.12891,0.008315,0.167388,0.539,856.164368,1.168
1,1,1,A,62351.12891,62351.48828,5.04178,0.435677,0.3592,794.975769,1.2579
1,1,0,A,62351.48828,62351.87891,0.00781,0.219744,0.3908,1113.337769,0.8982
1,1,1,A,62351.87891,62352.30078,4.952413,0.318813,0.422,1333.333374,0.75
1,1,0,A,62352.30078,62353.92188,0.247238,0.649739,1.621,1230.314941,0.8128
1,1,1,A,62353.92188,62354.51953,5.304666,0.247773,0.5975,489.476257,2.043
1,1,0,A,62354.51953,62357.10156,-0.086811,0.1471,2.582,450.755005,2.2185
1,1,1,AB,62357.10156,62357.21875,4.692439,0,0.1175,314.514862,3.1795
1,1,0,A,62357.21875,62360.76172,-0.053898,0.148147,3.5425,370.438965,2.6995
1,1,1,A,62360.76172,62360.94141,4.59625,0.077453,0.18,273.22403,3.66
1,1,0,AB,62360.94141,62361.03125,1.986165,0,0.0897,268.636658,3.7225
1,1,1,AB,62361.03125,62361.12109,3.967746,0,0.0899,3707.823486,0.2697
1,1,0,A,62361.12109,62361.60156,-0.043238,0.182277,0.4804,5567.928711,0.1796
1,1,1,A,62361.60156,62362.28906,5.262177,0.465157,0.6876,1753.463135,0.5703
1,1,0,A,62362.28906,62367.42188,-0.040735,0.152882,5.1329,856.164368,1.168
1,1,1,A,62367.42188,62367.92969,4.982464,0.592296,0.5075,171.806549,5.8205
1,1,0,A,62367.92969,62372.51953,-0.058155,0.164586,4.59,177.292389,5.6404
1,1,1,A,62372.51953,62372.82031,5.123422,0.219618,0.3007,196.174591,5.0975
1,1,0,A,62372.82031,62374.23047,-0.039148,0.151902,1.4103,204.469711,4.8907
1,1,1,A,62374.23047,62374.58984,5.844059,0.328365,0.3595,584.453552,1.711
1,1,0,A,62374.58984,62377.07813,-0.058569,0.195784,2.4881,565.035583,1.7698
1,1,1,A,62377.07813,62377.62109,5.610182,0.258543,0.543,351.172913,2.8476
1,1,0,A,62377.62109,62377.89063,0.19808,0.143197,0.2694,329.913239,3.0311
1,1,1,AB,62377.89063,62377.94922,2.850247,0,0.0587,1230.920776,0.8124
1,1,0,A,62377.94922,62378.25,0.219509,0.266939,0.3008,3047.851318,0.3281
1,1,1,A,62378.25,62378.96875,5.899921,0.261122,0.719,2781.641113,0.3595
1,1,0,AB,62378.96875,62379.05859,1.856644,0,0.0895,980.584412,1.0198
1,1,1,A,62379.05859,62379.75,5.489327,0.436883,0.6915,1236.858398,0.8085
1,1,0,A,62379.75,62382.08984,-0.05517,0.154889,2.34,1280.40979,0.781
1,1,1,A,62382.08984,62382.44922,5.57528,0.317365,0.3592,329.86969,3.0315
1,1,0,A,62382.44922,62382.96094,-0.097572,0.221904,0.5118,370.480133,2.6992
1,1,1,A,62382.96094,62383.17188,5.15407,0.519141,0.211,1148.105591,0.871
1,1,0,A,62383.17188,62387.48828,-0.047278,0.168493,4.3162,1383.508545,0.7228
1,1,1,A,62387.48828,62387.76172,5.347755,0.183274,0.2733,220.887085,4.5272
1,1,0,A,62387.76172,62392.01953,-0.089836,0.132713,4.258,217.888657,4.5895
1,1,1,A,62392.01953,62393.60938,5.353856,0.66271,1.59,220.687225,4.5313
1,1,0,A,62393.60938,62395.17188,0.076253,0.355523,1.5625,170.998627,5.848
1,1,1,A,62395.17188,62395.44141,4.288598,0.192,0.2695,317.208557,3.1525
1,1,0,A,62395.44141,62399.12891,-0.023481,0.147333,3.6875,545.851501,1.832
1,1,1,A,62399.12891,62399.46094,4.857612,0.642256,0.332,252.716705,3.957
1,1,0,A,62399.46094,62404.64844,-0.008926,0.156067,5.1875,248.787155,4.0195
1,1,1,A,62404.64844,62404.94922,6.063744,0.418518,0.3007,181.175827,5.5195
1,1,0,A,62404.94922,62408.42969,0.080606,0.292011,3.4803,182.209106,5.4882
1,1,1,A,62408.42969,62408.76172,5.694014,0.14119,0.332,264.480286,3.781
1,1,0,A,62408.76172,62411.96875,0.016589,0.16623,3.2075,262.308838,3.8123
1,1,1,AB,62411.96875,62412.03125,2.778959,0,0.0622,282.525787,3.5395
1,1,0,A,62412.03125,62418.26953,0.01842,0.139512,6.2383,305.83847,3.2697
1,1,1,A,62418.26953,62418.48047,5.456919,0.174266,0.211,158.71756,6.3005
1,1,0,AB,62418.48047,62418.57031,1.891999,0,0.0897,155.055588,6.4493
1,1,1,A,62418.57031,62418.92969,4.152355,0.606756,0.3593,3325.57373,0.3007
1,1,0,A,62418.92969,62431.44141,-0.01461,0.14076,12.512,2227.171387,0.449
1,1,1,A,62431.44141,62431.62109,4.654332,0.094332,0.1796,77.69223,12.8713
1,1,0,A,62431.62109,62437.89063,0.008873,0.228243,6.2694,78.792274,12.6916
1,1,1,A,62437.89063,62439.53906,5.564298,0.542787,1.6486,155.062805,6.449
1,1,0,A,62439.53906,62443.44141,-0.000906,0.155979,3.9024,126.294518,7.918
1,1,1,A,62443.44141,62444.01172,5.100372,0.368745,0.57,180.14772,5.551
1,1,0,A,62444.01172,62445.69141,0.279578,0.531135,1.68,223.593597,4.4724
1,1,1,A,62445.69141,62446.17188,4.485558,0.342094,0.4805,444.444458,2.25
1,1,0,A,62446.17188,62446.62109,0.022065,0.111818,0.4491,462.855835,2.1605
1,1,1,A,62446.62109,62448.48047,5.663044,0.61573,1.8594,1075.731445,0.9296
1,1,0,A,62448.48047,62449.01953,0.114289,0.150633,0.539,433.181732,2.3085
1,1,1,A,62449.01953,62450.73047,5.718584,0.399396,1.711,416.944641,2.3984
1,1,0,AB,62450.73047,62450.78906,2.400201,0,0.0586,444.444458,2.25
1,1,1,A,62450.78906,62451.08984,4.500597,0.399586,0.3009,565.099487,1.7696
1,1,0,A,62451.08984,62470.07813,0.003786,0.206953,18.9881,2781.641113,0.3595
1,1,1,A,62470.07813,62470.32031,5.3705,0.230891,0.2421,51.843018,19.289
1,1,0,A,62470.32031,62476.55859,-0.013082,0.207278,6.2383,52.001541,19.2302
1,1,1,A,62476.55859,62476.94922,5.072607,0.424422,0.3907,154.311462,6.4804
1,1,0,A,62476.94922,62477.51953,0.031886,0.279769,0.5703,150.85231,6.629
1,1,1,A,62477.51953,62478.05859,5.419971,0.503947,0.539,1040.582764,0.961
1,1,0,A,62478.05859,62486.16016,-0.016535,0.1397,8.1017,901.469421,1.1093
1,1,1,A,62486.16016,62486.33984,5.662294,0.134724,0.1798,115.731361,8.6407
1,1,0,A,62486.33984,62486.57813,0.10837,0.180117,0.2381,120.751068,8.2815
1,1,1,A,62486.57813,62486.85156,5.27409,0.220321,0.2734,2392.916992,0.4179
1,1,0,A,62486.85156,62489.46094,0.000644,0.125919,2.6095,1955.03418,0.5115
1,1,1,A,62489.46094,62489.73047,5.533998,0.269019,0.2695,346.872955,2.8829
1,1,0,A,62489.73047,62491.76953,-0.02161,0.181263,2.039,347.342834,2.879
1,1,1,A,62491.76953,62492.03906,5.331384,0.102099,0.2696,433.181732,2.3085
1,1,0,A,62492.03906,62492.37109,0.251525,0.258624,0.332,433.162964,2.3086
1,1,1,AB,62492.37109,62492.42969,2.816916,0,0.0584,1662.234009,0.6016
1,1,0,A,62492.42969,62492.78906,-0.116476,0.231797,0.3596,2561.475342,0.3904
1,1,1,A,62492.78906,62493.21094,5.660616,0.317382,0.4219,2392.344482,0.418
1,1,0,A,62493.21094,62508.71875,0.011414,0.196901,15.508,1279.590576,0.7815
1,1,1,A,62508.71875,62509.10938,5.696028,0.095491,0.3905,62.775032,15.9299
1,1,0,AB,62509.10938,62509.19922,2.101178,0,0.0897,62.899017,15.8985
1,1,1,A,62509.19922,62510.19141,5.508739,0.943191,0.9923,2082.465576,0.4802
1,1,0,A,62510.19141,62517.39063,0.047568,0.235733,7.199,924.214417,1.082
1,1,1,A,62517.39063,62517.62891,5.16527,0.292936,0.2385,122.080742,8.1913
1,1,0,A,62517.62891,62519.64063,0.031877,0.171615,2.0115,134.453781,7.4375
1,1,1,A,62519.64063,62519.94141,5.317434,0.480242,0.301,444.444458,2.25
1,1,0,AB,62519.94141,62520,3.003542,0,0.0585,432.432434,2.3125
1,1,1,A,62520,62520.44922,6.074873,0.231294,0.4492,2781.641113,0.3595
1,1,0,AB,62520.44922,62520.53906,1.456588,0,0.0899,1969.667114,0.5077
1,1,1,A,62520.53906,62521.17188,5.661531,0.284301,0.6329,1854.943481,0.5391
1,1,0,A,62521.17188,62524.82813,0.011196,0.135689,3.6561,1383.508545,0.7228
1,1,1,A,62524.82813,62525.03906,5.130573,0.141583,0.211,233.154587,4.289
1,1,0,A,62525.03906,62534.87891,0.050018,0.261274,9.8399,258.591705,3.8671
1,1,1,A,62534.87891,62535.08984,5.691016,0.147781,0.211,99.493576,10.0509
1,1,0,A,62535.08984,62538.21094,0.043737,0.133373,3.121,99.493576,10.0509
1,1,1,A,62538.21094,62538.62891,5.064558,0.187483,0.418,300.120056,3.332
1,1,0,A,62538.62891,62544.87109,0.01553,0.132973,6.2421,282.565704,3.539
1,1,1,A,62544.87109,62545.10938,4.947009,0.555884,0.2384,150.147888,6.6601
1,1,0,A,62545.10938,62545.28906,0.10741,0.017545,0.1796,154.309082,6.4805
1,1,1,AB,62545.28906,62545.41016,4.100144,0,0.1211,2392.344482,0.418
1,1,0,A,62545.41016,62555.33984,0.035951,0.274194,9.9298,3325.57373,0.3007
1,1,1,A,62555.33984,62555.94141,5.966504,0.201558,0.6015,99.493576,10.0509
1,1,0,A,62555.94141,62556.12109,0.339196,0.178019,0.1796,94.95504,10.5313
1,1,1,A,62556.12109,62556.89844,5.653283,0.222945,0.7774,1280.24585,0.7811
1,1,0,AB,62556.89844,62556.98828,1.685888,0,0.0897,1044.932129,0.957
1,1,1,A,62556.98828,62557.37891,5.487327,0.321392,0.3908,1153.269531,0.8671
1,1,0,AB,62557.37891,62557.44141,2.184256,0,0.0625,2081.165527,0.4805
1,1,1,AB,62557.44141,62557.55859,4.335326,0,0.117,2206.044678,0.4533
1,1,0,A,62557.55859,62572.44141,0.014895,0.15292,14.883,5571.030762,0.1795
1,1,1,A,62572.44141,62572.98047,5.319598,0.222616,0.539,66.666664,15
1,1,0,A,62572.98047,62573.33984,0.040464,0.33736,0.3595,64.84243,15.422
1,1,1,A,62573.33984,62573.60938,4.475187,0.919779,0.2695,1112.966064,0.8985
1,1,0,AB,62573.60938,62573.69922,1.636848,0,0.0897,1589.825073,0.629
1,1,1,A,62573.69922,62573.91016,5.273029,0.510402,0.211,2783.964355,0.3592
1,1,0,A,62573.91016,62574.14844,0.674992,0.456089,0.2383,3325.57373,0.3007
1,1,1,A,62574.14844,62574.32813,5.609188,0.154397,0.1796,2225.684326,0.4493
1,1,0,A,62574.32813,62579.30859,-0.007703,0.147217,4.9804,2392.916992,0.4179
1,1,1,A,62579.30859,62579.48828,4.844738,0.022297,0.1797,193.798447,5.16
1,1,0,A,62579.48828,62579.78906,0.200375,0.25145,0.3009,193.794693,5.1601
1,1,1,A,62579.78906,62579.96875,5.218748,0.002107,0.1799,2080.732422,0.4806
1,1,0,A,62579.96875,62582.01172,0.020562,0.142041,2.0425,2079.866943,0.4808
1,1,1,A,62582.01172,62582.39844,5.46177,0.347902,0.387,449.963989,2.2224
1,1,0,A,62582.39844,62583.66016,0.233942,0.597508,1.2617,411.60733,2.4295
1,1,1,A,62583.66016,62584.28906,5.767487,0.155026,0.6289,606.538513,1.6487
1,1,0,A,62584.28906,62587.5,0.013745,0.177074,3.2109,528.932617,1.8906
1,1,1,A,62587.5,62587.64844,4.810186,0,0.1485,260.430237,3.8398
1,1,0,A,62587.64844,62588.12891,0.040135,0.126707,0.4805,297.672211,3.3594
1,1,1,A,62588.12891,62588.82031,5.32547,0.323371,0.6912,1589.825073,0.629
1,1,0,A,62588.82031,62591.19141,-0.01536,0.144985,2.3713,853.460754,1.1717
1,1,1,A,62591.19141,62602.44141,4.96782,0.433477,11.25,326.530609,3.0625
1,1,0,A,62602.44141,62604.48047,0.22071,0.57075,2.039,73.414429,13.6213
1,1,1,A,62604.48047,62605.10938,5.231503,0.802422,0.629,75.250206,13.289
1,1,0,A,62605.10938,62606.48828,0.006713,0.160253,1.3787,374.812592,2.668
1,1,1,A,62606.48828,62607.21094,5.748001,0.3331,0.7228,498.082397,2.0077
1,1,0,A,62607.21094,62608.64844,0.010843,0.144054,1.4375,475.850586,2.1015
1,1,1,A,62608.64844,62609.10156,5.3321,0.307206,0.453,462.898682,2.1603
1,1,0,A,62609.10156,62611.44141,-0.004893,0.161052,2.34,528.960571,1.8905
1,1,1,A,62611.44141,62611.92188,4.947874,0.498684,0.4805,358.037964,2.793
1,1,0,A,62611.92188,62613.89844,-0.025652,0.171241,1.9765,354.547058,2.8205
1,1,1,A,62613.89844,62614.46875,4.915127,0.553986,0.5705,407.000397,2.457
1,1,0,A,62614.46875,62619.08984,-0.020844,0.140264,4.621,392.618774,2.547
1,1,1,A,62619.08984,62620.28906,5.445131,0.795311,1.1991,192.622559,5.1915
1,1,0,A,62620.28906,62621.19141,0.099517,0.109671,0.9024,171.818359,5.8201
1,1,1,A,62621.19141,62621.64063,5.427471,0.096045,0.449,475.850586,2.1015
1,1,0,A,62621.64063,62621.87891,0.177845,0.08002,0.2385,739.973389,1.3514
1,1,1,A,62621.87891,62623.64844,5.634187,0.486688,1.7695,1454.54541,0.6875
1,1,0,A,62623.64844,62625.69141,0.018152,0.16196,2.043,498.007965,2.008
1,1,1,A,62625.69141,62626.80078,5.644042,0.260721,1.1095,262.295074,3.8125
1,1,0,A,62626.80078,62634.89844,0.000593,0.151305,8.0975,317.208557,3.1525
1,1,1,A,62634.89844,62635.37891,5.325805,0.265261,0.4805,108.613014,9.207
1,1,0,A,62635.37891,62639.12891,0.032284,0.295049,3.75,116.577293,8.578
1,1,1,AB,62639.12891,62639.25,4.40167,0,0.121,236.378677,4.2305
1,1,0,A,62639.25,62639.46094,0.691187,0.134449,0.211,258.331177,3.871
1,1,1,A,62639.46094,62639.69922,5.257668,0.086429,0.2382,3012.048096,0.332
1,1,0,A,62639.69922,62640.89844,-0.007812,0.146978,1.1993,2226.179932,0.4492
1,1,1,A,62640.89844,62641.37891,5.842999,0.253507,0.4805,695.652161,1.4375
1,1,0,A,62641.37891,62649.51172,0.005592,0.14475,8.1325,595.30896,1.6798
1,1,1,AB,62649.51172,62649.62891,4.095775,0,0.1175,116.103561,8.613
1,1,0,A,62649.62891,62650.01953,0.094071,0.192571,0.3905,121.21212,8.25
1,1,1,A,62650.01953,62650.5,5.36304,0.380965,0.4805,1968.503906,0.508
1,1,0,A,62650.5,62651.39844,-0.028125,0.211641,0.8985,1148.105591,0.871
1,1,1,A,62651.39844,62651.85156,5.37028,0.463591,0.453,725.163147,1.379
1,1,0,A,62651.85156,62654.78906,0.049477,0.371337,2.9376,739.918579,1.3515
1,1,1,A,62654.78906,62655,3.755813,0.183653,0.2109,294.933044,3.3906
1,1,0,A,62655,62655.66016,-0.025413,0.166098,0.6602,317.611572,3.1485
1,1,1,A,62655.66016,62656.01953,5.214768,0.601521,0.3593,1147.973877,0.8711
1,1,0,A,62656.01953,62661.75,0.008554,0.176926,5.7305,980.872986,1.0195
1,1,1,A,62661.75,62662.05078,4.693775,0.044698,0.301,164.209,6.0898
1,1,0,A,62662.05078,62667.62891,-0.002667,0.132331,5.578,165.796234,6.0315
1,1,1,A,62667.62891,62668.92188,5.604633,0.318338,1.293,170.096954,5.879
1,1,0,A,62668.92188,62672.46094,-0.026352,0.165147,3.539,145.53923,6.871
1,1,1,A,62672.46094,62672.60938,4.675797,0,0.1485,206.953644,4.832
1,1,0,A,62672.60938,62675.46094,-0.030047,0.132542,2.8515,271.186432,3.6875
1,1,1,A,62675.46094,62675.78906,5.295645,0.352131,0.3281,333.333344,3
1,1,0,A,62675.78906,62675.94141,0.386257,0,0.1524,314.504974,3.1796
1,1,1,AB,62675.94141,62676.05859,4.68681,0,0.117,2081.165527,0.4805
1,1,0,A,62676.05859,62679.26953,0.069135,0.372184,3.211,3711.952393,0.2694
1,1,1,AB,62679.26953,62679.35938,3.409733,0,0.09,300.480774,3.328
1,1,0,A,62679.35938,62704.67969,-0.003875,0.20886,25.32,302.938507,3.301
1,1,1,AB,62704.67969,62704.80078,4.382606,0,0.1215,39.354584,25.41
1,1,0,A,62704.80078,62713.26172,0.028642,0.263483,8.4605,39.305859,25.4415
1,1,1,AB,62713.26172,62713.32031,2.106436,0,0.0587,116.522957,8.582
1,1,0,A,62713.32031,62715.23828,-0.049275,0.147097,1.918,117.381912,8.5192
1,1,1,A,62715.23828,62715.78125,5.781322,0.137347,0.543,505.893646,1.9767
1,1,0,A,62715.78125,62717.51953,0.199238,0.596946,1.7383,406.338898,2.461
1,1,1,A,62717.51953,62718.14844,5.073493,0.81375,0.629,438.346558,2.2813
1,1,0,A,62718.14844,62718.42188,1.86579,0.436647,0.2735,422.42218,2.3673
1,1,1,A,62718.42188,62719.07813,5.35382,0.558271,0.6561,1108.033203,0.9025
1,1,0,A,62719.07813,62724.51172,-0.030255,0.180292,5.4334,1075.731445,0.9296
1,1,1,A,62724.51172,62724.98828,5.843462,0.32256,0.4767,164.217102,6.0895
1,1,0,A,62724.98828,62726.73047,-0.048668,0.131706,1.7423,169.201874,5.9101
1,1,1,A,62726.73047,62727.32813,5.974165,0.208231,0.5976,450.653442,2.219
1,1,0,A,62727.32813,62730.69141,-0.003264,0.332815,3.3634,427.368683,2.3399
1,1,1,A,62730.69141,62731.26172,5.350957,0.2231,0.57,252.461502,3.961
1,1,0,A,62731.26172,62732.51953,-0.067681,0.206694,1.258,254.232986,3.9334
1,1,1,A,62732.51953,62733.30078,5.757522,0.377698,0.7815,547.045959,1.828
1,1,0,AB,62733.30078,62733.42188,1.219257,0,0.121,490.316254,2.0395
1,1,1,A,62733.42188,62734.28906,5.723428,0.247672,0.8671,1108.033203,0.9025
1,1,0,A,62734.28906,62736.30078,-0.089195,0.183655,2.0119,1012.043335,0.9881
1,1,1,A,62736.30078,62737.01953,5.485059,0.280789,0.7185,347.342834,2.879
1,1,0,A,62737.01953,62742.75,-0.04876,0.124246,5.7305,366.246704,2.7304
1,1,1,A,62742.75,62743.19922,5.71917,0.383381,0.4492,155.062805,6.449
1,1,0,AB,62743.19922,62743.28906,1.833111,0,0.0899,161.82016,6.1797
1,1,1,A,62743.28906,62743.55859,4.974913,0.447605,0.2694,1854.943481,0.5391
,,,,,,,,,,
1,1,1,A,241556.9688,241557.5938,6.173668,0.310621,0.625,N/A,Not found
1,1,0,A,241557.5938,241610.25,-0.015747,0.138184,52.655998,N/A,Not found
1,1,1,AB,241610.25,241610.3125,3.031758,0,0.0625,18.768417,53.280998
1,1,0,A,241610.3125,241610.7656,0.111028,0.118092,0.453,18.968674,52.718498
1,1,1,A,241610.7656,241611.5938,5.40013,0.406663,0.8285,1939.864258,0.5155
1,1,0,A,241611.5938,241646.9688,-0.007127,0.145135,35.375,780.335571,1.2815
1,1,1,A,241646.9688,241647.9844,5.428724,0.343795,1.0155,27.621639,36.203499
1,1,0,A,241647.9844,241662.8438,-0.046646,0.151932,14.8595,27.4797,36.390499
1,1,1,A,241662.8438,241663.3125,5.725029,0.431661,0.4685,62.992126,15.875
1,1,0,A,241663.3125,241686.1875,-0.029597,0.14451,22.875,65.240082,15.328
1,1,1,A,241686.1875,241686.5625,5.905507,0.471999,0.375,42.838478,23.3435
1,1,0,A,241686.5625,241801.7031,0.065614,0.139173,115.140602,43.010754,23.25
1,1,1,AB,241801.7031,241801.7969,3.48119,0,0.0939,8.656839,115.515602
1,1,0,A,241801.7969,242018.1875,0.027447,0.140425,216.390503,8.677957,115.234497
1,1,1,A,242018.1875,242019.5156,6.071143,0.268323,1.328,4.61927,216.484406
1,1,0,A,242019.5156,242022.0625,0.053619,0.130728,2.547,4.593087,217.718506
1,1,1,A,242022.0625,242022.7188,5.925603,0.295987,0.6565,258.064514,3.875
1,1,0,A,242022.7188,242031.625,0.019948,0.141834,8.906,312.158569,3.2035
1,1,1,A,242031.625,242031.9844,5.952667,0.209705,0.3595,104.575165,9.5625
1,1,0,A,242031.9844,242165.125,0.011764,0.141465,133.140503,107.927254,9.2655
1,1,1,A,242165.125,242166.3281,5.434615,0.766801,1.2031,7.490637,133.5
1,1,0,A,242166.3281,242218.7344,-0.026416,0.14747,52.406399,7.4436,134.343597
1,1,1,A,242218.7344,242219.0469,5.713798,0.252873,0.3125,18.65341,53.609501
1,1,0,A,242219.0469,242237.5781,-0.031948,0.237184,18.531099,18.968529,52.718899
1,1,1,A,242237.5781,242238.0625,4.999045,0.83985,0.4844,53.068417,18.843599
1,1,0,A,242238.0625,242249.6406,-0.046271,0.139217,11.578,52.588676,19.015499
1,1,1,AB,242249.6406,242249.7344,4.410623,0,0.094,82.902245,12.0624
1,1,0,A,242249.7344,242253.8125,-0.039614,0.128632,4.078,85.675117,11.672
1,1,1,A,242253.8125,242253.9844,4.983176,0.1073,0.172,239.693192,4.172
1,1,0,A,242253.9844,242300.8438,0.023258,0.136301,46.859501,235.294113,4.25
1,1,1,A,242300.8438,242301.9375,5.670571,0.504732,1.0935,21.262346,47.031502
1,1,0,A,242301.9375,242335.4688,0.007715,0.170493,33.531502,20.853752,47.952999
1,1,1,AB,242335.4688,242335.5313,3.003568,0,0.0622,28.880867,34.625
1,1,0,A,242335.5313,242421.0313,0.038182,0.138884,85.5,29.767487,33.5937
1,1,1,AB,242421.0313,242421.1563,5.04982,0,0.125,11.687404,85.562202
1,1,0,A,242421.1563,242436.4531,0.000066,0.144958,15.2969,11.678832,85.625
1,1,1,AB,242436.4531,242436.5625,3.729132,0,0.1094,64.84285,15.4219
1,1,0,A,242436.5625,242438.875,-0.016712,0.125863,2.3125,64.908508,15.4063
1,1,1,A,242438.875,242439.9531,6.098723,0.259443,1.0781,412.898956,2.4219
1,1,0,A,242439.9531,242441.6094,0.06258,0.147709,1.6564,294.933044,3.3906
1,1,1,A,242441.6094,242443.5313,5.857874,0.225398,1.9217,365.697571,2.7345
1,1,0,A,242443.5313,242445.5156,0.021573,0.137748,1.9843,279.477936,3.5781
1,1,1,A,242445.5156,242446.4375,5.664529,0.29433,0.922,256.016388,3.906
1,1,0,A,242446.4375,242461.5938,0.010532,0.142367,15.1565,344.080109,2.9063
1,1,1,A,242461.5938,242464.1406,5.777157,0.593986,2.5465,62.194855,16.078501
1,1,0,A,242464.1406,242484.8438,0.01165,0.224169,20.703501,56.487602,17.702999
1,1,1,A,242484.8438,242485.4063,5.303863,0.249548,0.5622,43.010754,23.25
1,1,0,A,242485.4063,242499.5625,0.02154,0.219205,14.1563,47.024082,21.265699
1,1,1,A,242499.5625,242500.375,6.000079,0.206145,0.8125,67.941704,14.7185
1,1,0,A,242500.375,242504.7031,-0.013992,0.164421,4.3281,66.805626,14.9688
1,1,1,A,242504.7031,242505.1563,5.642962,0.369431,0.4531,194.529816,5.1406
1,1,0,A,242505.1563,242509.5313,-0.013277,0.172059,4.375,209.152512,4.7812
1,1,1,AB,242509.5313,242509.5938,2.280613,0,0.0628,207.120819,4.8281
1,1,0,A,242509.5938,242510.6094,0.042957,0.168564,1.0155,225.336884,4.4378
1,1,1,A,242510.6094,242511.5938,5.866677,0.418273,0.9845,927.385681,1.0783
1,1,0,A,242511.5938,242548.9531,0.013264,0.141842,37.3591,500,2
1,1,1,AB,242548.9531,242549.0625,4.687497,0,0.1094,26.079971,38.343601
1,1,0,A,242549.0625,242639.5156,0.039682,0.154152,90.453003,26.689085,37.468498
1,1,1,AB,242639.5156,242639.5781,2.900095,0,0.0626,11.04211,90.562401
1,1,0,A,242639.5781,242641.0156,0.044303,0.125161,1.4374,11.047819,90.515602
1,1,1,A,242641.0156,242641.4688,6.143126,0.24104,0.4535,666.666687,1.5
1,1,0,A,242641.4688,242648.8125,0.040638,0.140527,7.3435,528.848694,1.8909
1,1,1,A,242648.8125,242649.0938,5.6865,0.121124,0.2815,128.254456,7.797
1,1,0,A,242649.0938,242700.75,-0.016408,0.144584,51.655998,131.147537,7.625
1,1,1,AB,242700.75,242700.875,4.278136,0,0.125,19.25391,51.9375
1,1,0,A,242700.875,242703.625,0.108786,0.418561,2.75,19.312103,51.780998
1,1,1,A,242703.625,242703.8125,5.412918,0.081872,0.1875,347.82608,2.875
1,1,0,A,242703.8125,242727.6563,0.036623,0.161171,23.8437,340.425537,2.9375
1,1,1,A,242727.6563,242727.9531,6.23049,0.310442,0.2969,41.612572,24.0312
1,1,0,A,242727.9531,242742,0.028803,0.143516,14.0469,41.423992,24.1406
1,1,1,AB,242742,242742.125,4.051831,0,0.125,69.71653,14.3438
1,1,0,A,242742.125,242745.1875,0.049411,0.139522,3.0625,70.562172,14.1719
1,1,1,A,242745.1875,242745.3906,5.828828,0.1578,0.203,313.725494,3.1875
1,1,0,A,242745.3906,242800.375,0.016798,0.146718,54.984501,306.231812,3.2655
1,1,1,AB,242800.375,242800.4375,2.690764,0,0.0625,18.120045,55.1875
1,1,0,A,242800.4375,242820.0313,0.000407,0.140629,19.5937,18.166294,55.047001
1,1,1,A,242820.0313,242820.4219,5.418349,0.563974,0.3908,50.874535,19.6562
1,1,0,A,242820.4219,242939.5469,0.075868,0.141708,119.125,50.03878,19.984501
1,1,1,AB,242939.5469,242939.6094,2.544019,0,0.0625,8.367095,119.5158
1,1,0,A,242939.6094,243027.5938,-0.037139,0.139014,87.984497,8.390141,119.1875
1,1,1,A,243027.5938,243028.9219,5.163893,0.506657,1.328,11.357571,88.046997
1,1,0,A,243028.9219,243109.4688,0.020339,0.138191,80.546997,11.196641,89.3125
1,1,1,A,243109.4688,243109.7344,5.453665,0.061681,0.2655,12.21374,81.875
1,1,0,A,243109.7344,243143.8438,-0.012361,0.185811,34.109501,12.374323,80.8125
1,1,1,AB,243143.8438,243143.9063,3.079079,0,0.0622,29.09091,34.375
1,1,0,A,243143.9063,243159.3594,-0.012417,0.15298,15.4533,29.263981,34.1717
1,1,1,A,243159.3594,243159.7813,5.679536,0.464175,0.4217,64.451675,15.5155
1,1,0,A,243159.7813,243292.5625,0.057209,0.167952,132.781296,62.992126,15.875
1,1,1,A,243292.5625,243292.7656,5.733881,0.319938,0.203,7.507339,133.203003
1,1,0,A,243292.7656,243293.3438,0.083223,0.207604,0.5785,7.519685,132.984299
1,1,1,AB,243293.3438,243293.4063,2.266086,0,0.0622,1279.590576,0.7815
1,1,0,A,243293.4063,243394.7656,0.009087,0.156554,101.359299,1560.792847,0.6407
1,1,1,A,243394.7656,243394.9219,5.113048,0,0.1565,9.859842,101.421501
1,1,0,A,243394.9219,243401.5469,0.012798,0.137987,6.625,9.850683,101.5158
1,1,1,A,243401.5469,243401.7031,5.014592,0,0.1561,147.460007,6.7815
1,1,0,A,243401.7031,243455.7031,0.023368,0.155043,54,147.468704,6.7811
1,1,1,A,243455.7031,243456.0938,5.937089,0.491829,0.3909,18.465141,54.156101
1,1,0,A,243456.0938,243457.5313,0.026012,0.177027,1.4372,18.385429,54.3909
1,1,1,A,243457.5313,243457.6875,4.57258,0,0.1563,547.016052,1.8281
1,1,0,A,243457.6875,243501.1563,0.015555,0.14049,43.4687,627.549438,1.5935
1,1,1,AB,243501.1563,243501.2656,4.009507,0,0.1093,22.922636,43.625
1,1,0,A,243501.2656,243543.9063,0.023137,0.141709,42.640701,22.947359,43.577999
1,1,1,A,243543.9063,243544.2656,5.652661,0.305746,0.3593,23.391813,42.75
1,1,0,A,243544.2656,243639.9531,0.023954,0.152662,95.687599,23.255814,43
1,1,1,A,243639.9531,243640.3438,6.382715,0.240844,0.3909,10.41158,96.046898
1,1,0,A,243640.3438,243686.4375,-0.02629,0.153813,46.093498,10.408155,96.078499
1,1,1,A,243686.4375,243686.6094,4.904684,0.056801,0.172,21.512594,46.484402
1,1,0,A,243686.6094,243692.2188,-0.038809,0.146937,5.6095,21.614378,46.265499
1,1,1,A,243692.2188,243692.6406,5.341239,0.249272,0.4215,172.9655,5.7815
1,1,0,A,243692.6406,243703.6563,-0.007942,0.146908,11.0157,165.809982,6.031
1,1,1,A,243703.6563,243704.9375,5.09456,0.847328,1.2813,87.43399,11.4372
1,1,0,A,243704.9375,243716.8125,0.045628,0.195752,11.875,81.320648,12.297
1,1,1,A,243716.8125,243717,4.982985,0.049776,0.1875,76.009209,13.1563
1,1,0,A,243717,243728.9375,0.004857,0.160185,11.9375,82.901558,12.0625
1,1,1,AB,243728.9375,243729.0313,3.858697,0,0.0937,82.474228,12.125
1,1,0,A,243729.0313,243747.3594,0.004477,0.138731,18.3283,83.117226,12.0312
1,1,1,A,243747.3594,243747.6875,5.919269,0.513585,0.328,54.282921,18.422001
1,1,0,A,243747.6875,243748.4688,0.122755,0.181341,0.7815,53.601196,18.6563
1,1,1,AB,243748.4688,243748.5313,2.783025,0,0.0622,901.306885,1.1095
1,1,0,A,243748.5313,243754.9531,0.01449,0.142003,6.4219,1185.255371,0.8437
1,1,1,A,243754.9531,243755.4531,5.853673,0.27307,0.5,154.223404,6.4841
1,1,0,A,243755.4531,243807.2656,-0.08824,0.141981,51.812401,144.469009,6.9219
1,1,1,A,243807.2656,243807.5469,6.008149,0.20852,0.2815,19.115927,52.312401
1,1,0,A,243807.5469,243841.8281,0.002126,0.147639,34.281101,19.196106,52.093899
1,1,1,A,243841.8281,243842.0625,5.211308,0.065528,0.2344,28.933008,34.562599
1,1,0,A,243842.0625,243869.9688,0.003989,0.145626,27.9065,28.97249,34.515499
1,1,1,AB,243869.9688,243870.0313,2.574622,0,0.0622,35.535465,28.1409
1,1,0,A,243870.0313,243870.2344,0.760797,0.152087,0.2033,35.754253,27.9687
1,1,1,AB,243870.2344,243870.2969,2.715058,0,0.0625,3766.478271,0.2655
1,1,0,A,243870.2969,243870.5469,0.866071,0.39485,0.25,3762.227295,0.2658
1,1,1,AB,243870.5469,243870.6563,3.292155,0,0.1092,3200,0.3125
1,1,0,A,243870.6563,243894.1563,-0.033766,0.159094,23.5,2783.964355,0.3592
1,1,1,A,243894.1563,243894.3281,4.565953,0.140192,0.1719,42.356369,23.6092
1,1,0,A,243894.3281,243934.5938,-0.03816,0.148671,40.2659,42.244179,23.6719
1,1,1,A,243934.5938,243935.2188,6.088252,0.300305,0.625,24.729338,40.437801
1,1,0,A,243935.2188,243940.1406,-0.009395,0.144595,4.9215,24.455318,40.8909
1,1,1,A,243940.1406,243940.3438,5.108167,0.108463,0.2035,180.293884,5.5465
1,1,0,A,243940.3438,243967.2031,-0.019926,0.135464,26.8591,195.121948,5.125
1,1,1,A,243967.2031,243967.7969,5.870663,0.636948,0.5939,36.951366,27.062599
1,1,0,A,243967.7969,243968.0156,0.078074,0.188266,0.2185,36.425892,27.452999
1,1,1,A,243968.0156,243968.5781,4.951031,0.755932,0.5626,1230.920776,0.8124
1,1,0,A,243968.5781,243988.4063,-0.007009,0.146139,19.8281,1280.24585,0.7811
1,1,1,A,243988.4063,243988.6875,5.82725,0.334238,0.2813,49.041965,20.390699
1,1,0,AB,243988.6875,243988.7969,1.242404,0,0.1095,49.727989,20.1094
1,1,1,A,243988.7969,243989.25,5.716548,0.426931,0.453,2558.853516,0.3908
1,1,0,A,243989.25,243990.625,0.100989,0.33833,1.375,1777.777832,0.5625
1,1,1,A,243990.625,243991.0781,4.711402,0.485383,0.4531,547.045959,1.828
1,1,0,A,243991.0781,244003.2969,-0.01708,0.14959,12.2189,547.016052,1.8281
1,1,1,A,244003.2969,244003.625,5.538996,0.437905,0.328,78.914139,12.672
1,1,0,A,244003.625,244010.9688,0.001635,0.145429,7.344,79.700958,12.5469
1,1,1,A,244010.9688,244011.4219,5.65095,0.484479,0.453,130.344101,7.672
1,1,0,A,244011.4219,244020.9531,0.037922,0.1473,9.5311,128.254456,7.797
1,1,1,AB,244020.9531,244021.0469,3.124691,0,0.0939,100.159256,9.9841
1,1,0,A,244021.0469,244021.3438,0.353595,0.552558,0.297,103.896103,9.625
1,1,1,A,244021.3438,244023.0625,7.238077,1.642326,1.7185,2558.198975,0.3909
1,1,0,A,244023.0625,244036.6563,0.039794,0.154948,13.5937,496.154785,2.0155
1,1,1,A,244036.6563,244036.8594,5.913917,0.218754,0.2033,65.307404,15.3122
1,1,0,A,244036.8594,244064.1875,-0.010363,0.138513,27.327999,72.479523,13.797
1,1,1,A,244064.1875,244064.3438,5.225565,0,0.1565,36.322296,27.5313
